순번,영화명,감독,배급사,개봉일,영화유형,국적,전국스크린수,전국매출액.1,전국매출액,전국관객수,전국관객수,서울매출액,서울매출액,서울관객수,장르,등급,영화구분
11,결백,박상현,1,2020-06-10,개봉영화,한국,1112,7.64102934,76410293.4,8656.83,"865,683","16,946,307","1,694,630,700","189,284",드라마,15세이상관람가,일반영화
12,테넷,크리스토퍼 놀란,1,2020-08-26,개봉영화,북아메리카,2228,6.49639332,64963933.2,7144.12,"714,412","20,504,319","2,050,431,900","216,041",액션,12세이상관람가,일반영화
13,원더 우먼 1984,팻티 젠킨스,1,2020-12-23,개봉영화,북아메리카,2260,4.93565546,49356554.6,5465.5,"546,550","14,576,935","1,457,693,500","154,656",액션,12세이상관람가,일반영화
14,침입자,손원평,1,2020-06-04,개봉영화,한국,1365,4.806314,48063140,5312.12,"531,212","10,293,687","1,029,368,660","110,923",미스터리,15세이상관람가,일반영화
15,국제수사,김봉한,2,2020-09-29,개봉영화,한국,1074,4.49654976,44965497.6,5374.7,"537,470","8,680,034","868,003,360","103,185",코미디,15세이상관람가,일반영화
16,1917,샘 멘데스,0,2020-02-19,개봉영화,북아메리카,932,4.16112442,41611244.2,4648.24,"464,824","16,421,806","1,642,180,560","176,208",드라마,15세이상관람가,일반영화
17,인비저블맨,리 워넬,1,2020-02-26,개봉영화,북아메리카,776,4.04210258,40421025.8,4591.7,"459,170","12,398,526","1,239,852,600","136,977",공포(호러),15세이상관람가,일반영화
18,이웃사촌,이환경,0,2020-11-25,개봉영화,한국,1363,3.70822375,37082237.5,4313.82,"431,382","7,758,030","775,803,000","91,262",드라마,12세이상관람가,일반영화
19,온워드: 단 하루의 기적,댄 스캔론,2,2020-06-17,개봉영화,북아메리카,1138,3.58133506,35813350.6,4167.39,"416,739","11,087,375","1,108,737,520","122,318",애니메이션,전체관람가,일반영화
20,소리도 없이,홍의정,1,2020-10-15,개봉영화,한국,1084,3.5586229,35586229,4034.32,"403,432","8,430,760","843,075,990","93,396",범죄,15세이상관람가,일반영화
21,"그대, 고맙소 : 김호중 생애 첫 팬미팅 무비",,2,2020-09-29,개봉영화,한국,106,3.129974,31299740,1020.08,"102,008","9,867,305","986,730,500","31,301",공연,전체관람가,일반영화
22,오! 문희,정세교,0,2020-09-02,개봉영화,한국,1110,2.7987586,27987586,3511.62,"351,162","5,913,542","591,354,210","73,973",코미디,12세이상관람가,일반영화
23,그린랜드,릭 로먼 워,0,2020-09-29,개봉영화,북아메리카,779,2.77772452,27777245.2,3258.69,"325,869","6,796,460","679,646,010","79,147",액션,12세이상관람가,일반영화
24,런,아니쉬 차간티,0,2020-11-20,개봉영화,북아메리카,799,2.60326237,26032623.7,2835.73,"283,573","8,031,797","803,179,720","86,674",미스터리,15세이상관람가,일반영화
25,내가 죽던 날,박지완,1,2020-11-12,개봉영화,한국,909,2.13539602,21353960.2,2331.12,"233,112","5,498,366","549,836,600","58,772",드라마,12세이상관람가,일반영화
26,뮬란,니키 카로,2,2020-09-17,개봉영화,북아메리카,1420,2.07973762,20797376.2,2362.47,"236,247","6,007,040","600,704,000","65,400",어드벤처,12세이상관람가,일반영화
27,조제,김종관,1,2020-12-10,개봉영화,한국,1179,1.88443154,18844315.4,2099.88,"209,988","4,682,265","468,226,490","51,461",멜로/로맨스,15세이상관람가,일반영화
28,프리즌 이스케이프,,0,2020-05-06,개봉영화,유럽,328,1.8482976,18482976,2170.56,"217,056","5,564,777","556,477,740","63,837",어드벤처,12세이상관람가,독립/예술영화
29,극장판 귀멸의 칼날: 무한열차편,소토자키 하루오,0,2021-01-27,개봉영화,아시아,380,1.82010267,18201026.7,2063.09,"206,309","5,073,607","507,360,670","54,677",애니메이션,15세이상관람가,일반영화
30,사라진 시간,정진영,1,2020-06-18,개봉영화,한국,874,1.65118858,16511885.8,1856.53,"185,653","3,887,626","388,762,580","43,314",미스터리,15세이상관람가,일반영화
31,검객,최재훈,0,2020-09-23,개봉영화,한국,832,1.61978187,16197818.7,1902.37,"190,237","3,158,617","315,861,680","36,965",액션,15세이상관람가,일반영화
32,밤쉘: 세상을 바꾼 폭탄선언,제이 로치,0,2020-07-08,개봉영화,북아메리카,882,1.51842834,15184283.4,1789.63,"178,963","6,680,602","668,060,220","77,431",드라마,15세이상관람가,독립/예술영화
33,미스터트롯: 더 무비,전수경,0,2020-10-22,개봉영화,한국,449,1.2886131,12886131,1500.94,"150,094","3,563,261","356,326,100","41,283",공연,전체관람가,일반영화
34,지푸라기라도 잡고 싶은 짐승들,김용훈,1,2020-02-19,개봉영화,한국,996,1.23245327,12324532.7,1397.77,"139,777","3,584,709","358,470,900","39,768",스릴러,청소년관람불가,일반영화
35,트롤: 월드 투어,"월트 도른,데이빗 P.스미스",1,2020-04-29,개봉영화,북아메리카,344,1.16800032,11680003.2,1521.59,"152,159","3,039,960","303,995,980","37,939",애니메이션,전체관람가,일반영화
36,브레이크 더 사일런스: 더 무비,박준수,0,2020-09-24,개봉영화,한국,205,1.160249,11602490,1316.93,"131,693","3,773,290","377,329,000","41,301",다큐멘터리,전체관람가,일반영화
37,다크 워터스,토드 헤인즈,0,2020-03-11,개봉영화,북아메리카,575,1.09665774,10966577.4,1272.51,"127,251","3,839,812","383,981,180","43,314",드라마,12세이상관람가,독립/예술영화
38,애니멀 크래커,토니 밴크로프트,0,2020-08-05,개봉영화,북아메리카,473,1.02370534,10237053.4,1290.06,"129,006","1,510,655","151,065,470","17,842",애니메이션,전체관람가,독립/예술영화
39,언힌지드,데릭 보트,0,2020-10-07,개봉영화,북아메리카,676,1.01603719,10160371.9,1181.12,"118,112","3,025,523","302,552,340","35,166",스릴러,청소년관람불가,일반영화
40,언더워터,윌리엄 유뱅크,2,2020-05-27,개봉영화,북아메리카,594,0.9371128,9371128,1092.07,"109,207","2,598,892","259,889,160","29,571",스릴러,15세이상관람가,일반영화
41,디바,조슬예,1,2020-09-23,개봉영화,한국,831,0.90171735,9017173.5,1081.22,"108,122","2,581,753","258,175,260","31,164",스릴러,15세이상관람가,일반영화
42,기기괴괴 성형수,조경훈,0,2020-09-09,개봉영화,한국,276,0.87162956,8716295.6,1032.51,"103,251","2,872,385","287,238,540","36,203",공포(호러),15세이상관람가,독립/예술영화
43,죽지않는 인간들의 밤,신정원,0,2020-09-29,개봉영화,한국,570,0.84021744,8402174.4,1016.16,"101,616","2,349,554","234,955,440","27,911",코미디,15세이상관람가,일반영화
44,다만 악에서 구하소서,홍원찬,2,2020-08-05,개봉영화,한국,1998,0.83256074,8325607.4,969.61,"96,961","2,158,614","215,861,390","26,035",범죄,15세이상관람가,일반영화
45,정직한 후보,장유정,2,2020-02-12,개봉영화,한국,1187,0.82856609,8285660.9,1092.63,"109,263","2,329,927","232,992,660","30,341",코미디,12세이상관람가,일반영화
46,작은 아씨들,그레타 거윅,1,2020-02-12,개봉영화,북아메리카,1105,0.82566246,8256624.6,967.48,"96,748","3,730,051","373,005,120","42,804",드라마,전체관람가,일반영화
47,레이니 데이 인 뉴욕,우디 앨런,0,2020-05-06,개봉영화,북아메리카,563,0.7842722,7842722,884.4,"88,440","3,381,032","338,103,180","37,178",코미디,15세이상관람가,독립/예술영화
48,극장판 짱구는 못말려: 신혼여행 허리케인~ 사라진 아빠!,하시모토 마사카즈,2,2020-08-20,개봉영화,아시아,661,0.78308684,7830868.4,962.35,"96,235","1,000,379","100,037,880","11,640",애니메이션,전체관람가,일반영화
49,극장판 포켓몬스터 뮤츠의 역습 EVOLUTION,"유야마 쿠니히코,사카키바라 모토노리",0,2020-09-30,개봉영화,아시아,591,0.78059231,7805923.1,973.98,"97,398","1,495,933","149,593,280","17,678",애니메이션,전체관람가,일반영화
50,저 산 너머,최종태,0,2020-04-30,개봉영화,한국,468,0.7726853,7726853,1035.34,"103,534","2,304,470","230,447,040","32,623",드라마,12세이상관람가,일반영화
51,주디,루퍼트 굴드,0,2020-03-25,개봉영화,유럽,479,0.73885176,7388517.6,897.19,"89,719","3,233,611","323,361,140","38,273",드라마,12세이상관람가,독립/예술영화
52,나의 청춘은 너의 것,"주동,대몽영",0,2020-04-29,개봉영화,아시아,533,0.7148925,7148925,844.42,"84,442","2,050,567","205,056,740","23,586",멜로/로맨스,12세이상관람가,독립/예술영화
53,페이트 스테이 나이트 헤븐즈필 제3장 스프링 송,스도 토모노리,0,2020-10-22,개봉영화,아시아,149,0.70170843,7017084.3,773.14,"77,314","2,627,589","262,758,910","27,583",애니메이션,15세이상관람가,일반영화
54,에어로너츠,톰 하퍼,0,2020-06-10,개봉영화,유럽,534,0.6911885,6911885,798.77,"79,877","2,844,648","284,464,760","32,538",드라마,12세이상관람가,독립/예술영화
55,소리꾼,조정래,0,2020-07-01,개봉영화,한국,573,0.64212068,6421206.8,792.15,"79,215","1,836,958","183,695,800","22,306",사극,12세이상관람가,일반영화
56,엽문4: 더 파이널,엽위신,0,2020-04-01,개봉영화,아시아,206,0.6305563,6305563,728.86,"72,886","1,827,380","182,738,000","20,918",액션,12세이상관람가,독립/예술영화
57,더 플랫폼,,0,2020-05-13,개봉영화,유럽,228,0.603715,6037150,659.38,"65,938","2,124,662","212,466,200","23,133",SF,청소년관람불가,독립/예술영화
58,호텔 레이크,윤은경,0,2020-04-29,개봉영화,한국,465,0.5922232,5922232,700.19,"70,019","1,160,309","116,030,900","13,345",공포(호러),15세이상관람가,독립/예술영화
59,소년시절의 너,증국상,0,2020-07-09,개봉영화,아시아,252,0.5887237,5887237,684.34,"68,434","2,531,294","253,129,400","28,875",멜로/로맨스,15세이상관람가,독립/예술영화
60,빅샤크3: 젤리몬스터 대소동,신우,0,2020-07-29,개봉영화,아시아,400,0.56222066,5622206.6,728.49,"72,849","626,205","62,620,460","7,772",애니메이션,전체관람가,일반영화
61,카페 벨에포크,니콜라스 베도스,0,2020-05-20,개봉영화,유럽,463,0.54945588,5494558.8,659.75,"65,975","2,686,908","268,690,840","32,387",코미디,15세이상관람가,독립/예술영화
62,뉴 뮤턴트,조쉬 분,2,2020-09-10,개봉영화,북아메리카,817,0.54611588,5461158.8,618.97,"61,897","1,645,939","164,593,910","18,270",액션,15세이상관람가,일반영화
63,아이즈 온 미 : 더 무비,박재석,2,2020-06-10,개봉영화,한국,124,0.506274,5062740,392.28,"39,228","2,022,485","202,248,500","15,630",공연,전체관람가,일반영화
64,극장판 바이올렛 에버가든,이시다테 타이치,0,2020-11-12,개봉영화,아시아,131,0.50024162,5002416.2,586.53,"58,653","1,644,947","164,494,660","18,122",애니메이션,전체관람가,독립/예술영화
65,마이 스파이,피터 시걸,0,2020-04-29,개봉영화,북아메리카,240,0.4825945,4825945,562.82,"56,282","1,655,726","165,572,600","19,676",액션,12세이상관람가,일반영화
66,나의 첫 번째 슈퍼스타,니샤 가나트라,1,2020-06-10,개봉영화,북아메리카,462,0.47391936,4739193.6,536.84,"53,684","1,895,101","189,510,120","21,533",코미디,12세이상관람가,일반영화
67,극장판 미니특공대: 햄버거괴물의 습격,이영준,0,2020-09-30,개봉영화,한국,414,0.46606362,4660636.2,578.83,"57,883","772,474","77,247,430","9,126",애니메이션,전체관람가,일반영화
68,프리키 데스데이,크리스토퍼 랜던,1,2020-11-25,개봉영화,북아메리카,631,0.45126069,4512606.9,518.16,"51,816","1,282,736","128,273,640","14,722",코미디,청소년관람불가,일반영화
69,더 프린세스 : 도둑맞은 공주,올레말라므,0,2020-08-12,개봉영화,유럽,423,0.44505306,4450530.6,545.17,"54,517","606,743","60,674,330","7,007",애니메이션,전체관람가,일반영화
70,아웃포스트,로드 루리,0,2020-09-23,개봉영화,북아메리카,454,0.42853387,4285338.7,513.81,"51,381","1,679,092","167,909,230","19,323",전쟁,15세이상관람가,일반영화
71,날씨의 아이,신카이 마코토,0,2019-10-30,개봉영화,아시아,716,0.40127268,4012726.8,533.64,"53,364","1,608,805","160,880,460","20,847",애니메이션,15세이상관람가,일반영화
72,스케어리 스토리:어둠의 속삭임,안드레 외브레달,0,2020-03-25,개봉영화,북아메리카,186,0.37549242,3754924.2,449.89,"44,989","1,230,440","123,043,980","14,557",판타지,15세이상관람가,일반영화
73,세자매,이승원,0,2021-01-27,개봉영화,한국,569,0.35445124,3544512.4,422.9,"42,290","1,101,171","110,117,100","12,825",드라마,15세이상관람가,독립/예술영화
74,젠틀맨,가이 리치,0,2020-02-26,개봉영화,북아메리카,586,0.34364727,3436472.7,396.38,"39,638","1,517,750","151,775,040","17,080",범죄,청소년관람불가,일반영화
75,다만 악에서 구하소서 파이널컷,홍원찬,2,2020-10-28,개봉영화,한국,475,0.32610657,3261065.7,379.61,"37,961","1,052,373","105,237,250","12,255",액션,청소년관람불가,일반영화
76,명탐정 코난: 진홍의 수학여행,야마모토 야스이치로,2,2021-01-27,개봉영화,아시아,532,0.31613244,3161324.4,381.31,"38,131","612,628","61,262,750","7,166",애니메이션,12세이상관람가,일반영화
77,야구소녀,최윤태,0,2020-06-18,개봉영화,한국,264,0.31523672,3152367.2,367.64,"36,764","1,774,743","177,474,260","19,821",드라마,12세이상관람가,독립/예술영화
78,콜 오브 와일드,크리스 샌더스,2,2020-05-14,개봉영화,북아메리카,505,0.3061185,3061185,362.45,"36,245","924,277","92,427,680","10,807",어드벤처,12세이상관람가,일반영화
79,애프터: 그 후,로저 컴블,0,2020-10-07,개봉영화,북아메리카,420,0.30495604,3049560.4,369.62,"36,962","1,023,727","102,372,690","12,502",멜로/로맨스,15세이상관람가,일반영화
80,반교: 디텐션,존 쉬,0,2020-08-13,개봉영화,기타,128,0.30350313,3035031.3,329.7,"32,970","995,350","99,535,040","10,494",공포(호러),15세이상관람가,독립/예술영화
81,서치 아웃,곽정,0,2020-04-15,개봉영화,한국,355,0.297167,2971670,341.15,"34,115","644,297","64,429,740","7,283",스릴러,15세이상관람가,독립/예술영화
82,오픈 더 도어,올가 고로데츠카야,0,2020-04-08,개봉영화,유럽,184,0.2867021,2867021,317.6,"31,760","962,274","96,227,400","10,487",공포(호러),15세이상관람가,일반영화
83,톰보이,셀린 시아마,0,2020-05-14,개봉영화,유럽,361,0.26805362,2680536.2,298.19,"29,819","1,625,548","162,554,780","17,239",드라마,12세이상관람가,독립/예술영화
84,뱅가드,당계례,0,2020-12-30,개봉영화,아시아,265,0.2658937,2658937,315.46,"31,546","646,059","64,605,900","7,759",액션,12세이상관람가,독립/예술영화
85,건즈 아킴보,제이슨 레이 하우덴,0,2020-04-15,개봉영화,유럽,181,0.244731,2447310,279.28,"27,928","903,230","90,323,000","10,314",액션,청소년관람불가,독립/예술영화
86,그집,,0,2020-05-27,개봉영화,유럽,392,0.23825846,2382584.6,287.07,"28,707","530,735","53,073,520","6,562",공포(호러),15세이상관람가,독립/예술영화
87,부활: 그 증거,김상철,0,2020-10-08,개봉영화,한국,111,0.2364836,2364836,291.53,"29,153","474,932","47,493,200","5,734",다큐멘터리,전체관람가,독립/예술영화
88,"어디갔어, 버나뎃",리차드 링클레이터,0,2020-10-08,개봉영화,북아메리카,253,0.236253,2362530,283.78,"28,378","1,025,480","102,548,000","12,154",코미디,12세이상관람가,독립/예술영화
89,기생충,봉준호,2,2019-05-30,개봉영화,한국,1948,0.23489682,2348968.2,293.2,"29,320","906,013","90,601,300","11,102",드라마,15세이상관람가,일반영화
90,미스비헤이비어,필립파 로소프,0,2020-05-27,개봉영화,유럽,378,0.23442186,2344218.6,288.84,"28,884","1,067,004","106,700,360","12,991",드라마,15세이상관람가,독립/예술영화
91,파리의 인어,마티아스 마르지유,0,2020-07-23,개봉영화,유럽,204,0.2322735,2322735,276.18,"27,618","892,365","89,236,500","10,552",멜로/로맨스,12세이상관람가,독립/예술영화
92,더 보이 2: 돌아온 브람스,윌리엄 브렌트 벨,0,2020-03-05,개봉영화,북아메리카,179,0.231152,2311520,265.31,"26,531","799,280","79,928,000","9,271",공포(호러),15세이상관람가,일반영화
93,킹덤 오브 헤븐: 디렉터스 컷,리들리 스콧,0,2020-11-11,개봉영화,유럽,117,0.2309716,2309716,251.53,"25,153","1,185,539","118,553,900","12,497",액션,15세이상관람가,일반영화
94,n번째 이별 중,,0,2020-04-01,개봉영화,북아메리카,171,0.2253588,2253588,249.15,"24,915","872,967","87,296,700","9,615",멜로/로맨스,12세이상관람가,독립/예술영화
95,찬실이는 복도 많지,김초희,0,2020-03-05,개봉영화,한국,241,0.22452396,2245239.6,262.48,"26,248","1,409,370","140,936,960","15,801",드라마,전체관람가,독립/예술영화
96,극장판 짱구는 못말려: 신혼여행 허리케인~ 사라진 아빠!,하시모토 마사카즈,2,2020-08-20,개봉영화,아시아,661,0.22166471,2216647.1,270.94,"27,094","365,587","36,558,650","4,171",애니메이션,전체관람가,일반영화
97,결백,박상현,1,2020-06-10,개봉영화,한국,1112,0.21707,2170700,281.72,"28,172","2,170,700","217,070,000","28,172",드라마,15세이상관람가,일반영화
98,더 프롬,라이언 머피,1,2020-12-02,개봉영화,북아메리카,662,0.21392073,2139207.3,246.35,"24,635","840,285","84,028,530","9,478",코미디,12세이상관람가,일반영화
99,폰조,조쉬 트랭크,0,2020-10-14,개봉영화,북아메리카,574,0.21175931,2117593.1,253.83,"25,383","792,021","79,202,080","9,237",범죄,청소년관람불가,독립/예술영화
100,애비규환,최하나,0,2020-11-12,개봉영화,한국,453,0.2067313,2067313,227.29,"22,729","960,409","96,040,940","9,985",드라마,12세이상관람가,독립/예술영화
101,블루 아워,하코타 유코,0,2020-07-22,개봉영화,아시아,322,0.2025816,2025816,238.03,"23,803","1,176,343","117,634,300","13,168",드라마,12세이상관람가,독립/예술영화
102,캣츠토피아,게리 왕,0,2020-04-30,개봉영화,아시아,367,0.20122316,2012231.6,240,"24,000","291,532","29,153,160","3,370",판타지,전체관람가,독립/예술영화
103,비바리움,,0,2020-07-16,개봉영화,북아메리카,129,0.19530412,1953041.2,237.55,"23,755","805,589","80,558,940","9,082",미스터리,15세이상관람가,독립/예술영화
104,울프 콜,안토닌 보드리,0,2020-03-05,개봉영화,유럽,336,0.19206158,1920615.8,232.47,"23,247","609,719","60,971,900","7,334",액션,15세이상관람가,독립/예술영화
105,마리 퀴리,마르잔 사트라피,0,2020-11-18,개봉영화,유럽,484,0.19150092,1915009.2,245.73,"24,573","869,620","86,961,990","11,943",드라마,15세이상관람가,독립/예술영화
106,오케이 마담,이철하,1,2020-08-12,개봉영화,한국,1288,0.18986671,1898667.1,234.86,"23,486","508,198","50,819,820","7,059",코미디,15세이상관람가,일반영화
107,테슬라,마이클 알메레이다,0,2020-10-28,개봉영화,북아메리카,460,0.18484295,1848429.5,234.41,"23,441","761,325","76,132,540","9,450",드라마,12세이상관람가,일반영화
108,유령선,김지영,0,2020-04-15,개봉영화,한국,165,0.18193392,1819339.2,207.84,"20,784","682,073","68,207,300","7,684",다큐멘터리,12세이상관람가,독립/예술영화
109,인베이젼 2020,표도르 본다르추크,0,2020-07-01,개봉영화,유럽,354,0.17913526,1791352.6,216.09,"21,609","460,984","46,098,440","5,411",SF,12세이상관람가,일반영화
110,에이바,테이트 테일러,0,2020-09-09,개봉영화,북아메리카,515,0.17867025,1786702.5,228.32,"22,832","571,662","57,166,200","7,244",액션,15세이상관람가,일반영화
111,아이 엠 우먼,문은주,0,2021-01-14,개봉영화,호주,494,0.17755277,1775527.7,219.13,"21,913","775,376","77,537,630","10,395",드라마,15세이상관람가,독립/예술영화
112,팬데믹,,0,2020-07-22,개봉영화,북아메리카,382,0.17618196,1761819.6,203.55,"20,355","395,185","39,518,480","4,459",스릴러,15세이상관람가,독립/예술영화
113,극장판 바다 탐험대 옥토넛 : 대산호초 보호작전,,0,2020-11-12,개봉영화,유럽,187,0.174069,1740690,258.89,"25,889","321,350","32,135,000","4,680",애니메이션,전체관람가,독립/예술영화
114,비밀정보원: 인 더 프리즌,안드레아 디 스테파노,0,2020-04-15,개봉영화,유럽,200,0.17258894,1725889.4,203.17,"20,317","649,646","64,964,580","7,585",범죄,청소년관람불가,일반영화
115,레미제라블: 뮤지컬 콘서트,제임스 파우웰,1,2020-05-13,개봉영화,북아메리카,339,0.16292192,1629219.2,124.26,"12,426","681,749","68,174,940","5,768",뮤지컬,12세이상관람가,일반영화
116,추억의 검정고무신,송정율,0,2020-11-19,개봉영화,한국,215,0.1620831,1620831,201.13,"20,113","290,925","29,092,500","3,247",애니메이션,전체관람가,독립/예술영화
117,블라인드,타마르 반 덴 도프,0,2021-01-14,개봉영화,유럽,239,0.1585321,1585321,182.97,"18,297","588,487","58,848,700","6,742",드라마,15세이상관람가,일반영화
118,애프터 웨딩 인 뉴욕,바트 프룬디치,0,2020-04-23,개봉영화,유럽,169,0.15734628,1573462.8,192.41,"19,241","911,692","91,169,220","11,103",드라마,12세이상관람가,독립/예술영화
119,더 터닝,플로리아 시지스몬디,0,2020-04-02,개봉영화,북아메리카,294,0.15419794,1541979.4,175.32,"17,532","556,481","55,648,100","6,194",미스터리,15세이상관람가,독립/예술영화
120,돌멩이,김정식,0,2020-10-15,개봉영화,한국,425,0.1463734,1463734,176.32,"17,632","539,501","53,950,130","6,044",드라마,12세이상관람가,독립/예술영화
121,마틴 에덴,피에트로 마르첼로,0,2020-10-29,개봉영화,유럽,60,0.14338343,1433834.3,155.93,"15,593","1,054,158","105,415,830","11,136",드라마,12세이상관람가,독립/예술영화
122,800,관후,0,2020-12-10,개봉영화,아시아,223,0.1417102,1417102,166.26,"16,626","438,725","43,872,500","5,010",전쟁,15세이상관람가,일반영화
123,킹덤,사토 신스케,0,2020-04-29,개봉영화,아시아,186,0.1409375,1409375,176.63,"17,663","448,370","44,837,000","5,614",액션,15세이상관람가,일반영화
124,해수의 아이,와타나베 아유무,0,2020-09-30,개봉영화,아시아,76,0.13998785,1399878.5,152.11,"15,211","773,047","77,304,740","7,749",애니메이션,전체관람가,독립/예술영화
125,택스 콜렉터,데이비드 에이어,0,2020-11-18,개봉영화,북아메리카,372,0.13852525,1385252.5,181.97,"18,197","670,398","67,039,760","9,579",액션,청소년관람불가,일반영화
126,아홉 스님,윤성준,0,2020-05-27,개봉영화,한국,141,0.1376252,1376252,223.3,"22,330","706,320","70,632,000","13,607",드라마,전체관람가,독립/예술영화
127,#아이엠히어,에릭 라티고,2,2021-01-14,개봉영화,유럽,432,0.13579571,1357957.1,162.9,"16,290","559,240","55,923,950","7,437",멜로/로맨스,12세이상관람가,독립/예술영화
128,100% 울프: 푸들이 될 순 없어,알렉스 스타더만,0,2020-12-24,개봉영화,호주,370,0.13449062,1344906.2,170.89,"17,089","244,626","24,462,560","2,967",애니메이션,전체관람가,독립/예술영화
129,프랑스여자,김희정,2,2020-06-04,개봉영화,한국,244,0.1292304,1292304,181.06,"18,106","518,252","51,825,160","6,765",드라마,15세이상관람가,독립/예술영화
130,파티마의 기적,마르코 폰테코르보,0,2020-12-03,개봉영화,북아메리카,162,0.1290906,1290906,160.62,"16,062","409,680","40,968,000","5,267",드라마,12세이상관람가,독립/예술영화
131,초미의 관심사,남연우,0,2020-05-27,개봉영화,한국,380,0.12869836,1286983.6,161.37,"16,137","482,368","48,236,840","5,682",드라마,15세이상관람가,독립/예술영화
132,커넥트,제이콥 체이스,0,2021-01-20,개봉영화,북아메리카,386,0.12555751,1255575.1,141.4,"14,140","287,265","28,726,470","3,117",공포(호러),15세이상관람가,독립/예술영화
133,시원찮은 그녀를 위한 육성방법 피날레,,0,2020-02-27,개봉영화,아시아,71,0.12347934,1234793.4,148.62,"14,862","536,863","53,686,320","6,328",애니메이션,12세이상관람가,일반영화
134,밥정,박혜령,0,2020-10-07,개봉영화,한국,182,0.12320494,1232049.4,156.5,"15,650","769,695","76,969,530","9,458",다큐멘터리,전체관람가,독립/예술영화
135,빅풋 주니어2: 패밀리가 떴다,"벤 스타센,제레미 드그루손",0,2021-01-06,개봉영화,기타,308,0.12166463,1216646.3,146.82,"14,682","232,358","23,235,840","2,601",애니메이션,전체관람가,일반영화
136,극장판 요괴워치: 포에버 프렌즈,타카하시 시게하루,2,2020-10-15,개봉영화,아시아,423,0.12093575,1209357.5,154.34,"15,434","155,737","15,573,740","1,840",애니메이션,전체관람가,일반영화
137,가나의 혼인잔치: 언약,,0,2020-11-26,개봉영화,북아메리카,116,0.12005033,1200503.3,136.78,"13,678","377,896","37,789,630","4,167",다큐멘터리,전체관람가,일반영화
138,나이팅게일,제니퍼 켄트,0,2020-12-30,개봉영화,호주,329,0.11268261,1126826.1,137.02,"13,702","352,132","35,213,240","4,301",스릴러,청소년관람불가,독립/예술영화
139,부활,구수환,0,2020-07-09,개봉영화,한국,83,0.1125965,1125965,144.37,"14,437","356,305","35,630,500","4,343",다큐멘터리,전체관람가,일반영화
140,언플랜드,"척 콘젤만,캐리 솔로몬",0,2020-12-17,개봉영화,북아메리카,281,0.11198166,1119816.6,130.77,"13,077","359,236","35,923,570","4,198",드라마,15세이상관람가,일반영화
141,엔딩스 비기닝스,드레이크 도리머스,2,2020-06-24,개봉영화,북아메리카,251,0.11018088,1101808.8,134.01,"13,401","425,672","42,567,180","5,064",드라마,15세이상관람가,독립/예술영화
142,너는 달밤에 빛나고,츠키카와 쇼,0,2020-06-10,개봉영화,아시아,178,0.109578,1095780,123.82,"12,382","396,045","39,604,500","4,378",멜로/로맨스,12세이상관람가,독립/예술영화
143,세인트 아가타,대런 린 보우즈만,0,2020-03-19,개봉영화,북아메리카,390,0.10946008,1094600.8,124.5,"12,450","322,002","32,200,220","3,603",공포(호러),청소년관람불가,독립/예술영화
144,극장판 엉덩이 탐정: 텐텐마을의 수수께끼,시바타 히로키,2,2020-09-24,개봉영화,아시아,157,0.10919154,1091915.4,147.99,"14,799","213,512","21,351,240","2,745",애니메이션,전체관람가,일반영화
145,라라걸,레이첼 그리피스,0,2020-04-15,개봉영화,호주,187,0.10868446,1086844.6,127.85,"12,785","601,810","60,181,040","6,862",드라마,전체관람가,독립/예술영화
146,마티아스와 막심,자비에 돌란,0,2020-07-23,개봉영화,북아메리카,91,0.10418342,1041834.2,116.85,"11,685","799,294","79,929,420","8,454",드라마,15세이상관람가,독립/예술영화
147,바이올렛 에버가든 ? 영원과 자동 수기 인형 -,후지타 하루카,0,2020-03-26,개봉영화,아시아,62,0.10409146,1040914.6,119.34,"11,934","439,785","43,978,500","4,790",애니메이션,전체관람가,독립/예술영화
148,리플레이,데이비드 하인즈,0,2020-12-16,개봉영화,북아메리카,242,0.10318231,1031823.1,126.92,"12,692","565,177","56,517,660","6,934",드라마,12세이상관람가,독립/예술영화
149,사랑하고 있습니까,김정권,0,2020-03-25,개봉영화,한국,295,0.10267384,1026738.4,128.78,"12,878","333,058","33,305,780","4,066",판타지,12세이상관람가,일반영화
150,남매의 여름밤,윤단비,0,2020-08-20,개봉영화,한국,133,0.10215496,1021549.6,125.07,"12,507","635,754","63,575,360","7,567",드라마,전체관람가,독립/예술영화
151,그레텔과 헨젤,오즈 퍼킨스,0,2020-07-08,개봉영화,북아메리카,325,0.10146454,1014645.4,115.64,"11,564","265,077","26,507,720","2,936",판타지,15세이상관람가,일반영화
152,슈퍼스타 뚜루,,0,2020-06-04,개봉영화,유럽,300,0.10130602,1013060.2,131.46,"13,146","91,592","9,159,220","1,065",뮤지컬,전체관람가,일반영화
153,킹 오브 프리즘 올 스타즈 -프리즘 쇼☆베스트10-,히시다 마사카즈,0,2020-04-02,개봉영화,아시아,55,0.0996675,996675,123.71,"12,371","672,804","67,280,380","8,107",애니메이션,12세이상관람가,일반영화
154,걸후드,셀린 시아마,0,2020-11-12,개봉영화,유럽,175,0.098925,989250,114.09,"11,409","527,465","52,746,500","6,282",드라마,12세이상관람가,독립/예술영화
155,시크릿 가든,마크 먼든,0,2020-08-19,개봉영화,유럽,267,0.09460566,946056.6,112.72,"11,272","402,922","40,292,160","4,553",드라마,전체관람가,독립/예술영화
156,미스터 존스,아그네츠카 홀란드,0,2021-01-07,개봉영화,유럽,277,0.0945954,945954,107.27,"10,727","399,148","39,914,810","4,423",드라마,15세이상관람가,독립/예술영화
157,교실 안의 야크,,0,2020-09-30,개봉영화,기타,30,0.09371621,937162.1,110.59,"11,059","615,056","61,505,580","6,721",드라마,전체관람가,독립/예술영화
158,강철비2 : 정상회담 확장판,양우석,2,2020-09-30,개봉영화,한국,126,0.0899225,899225,183.06,"18,306","283,115","28,311,500","7,243",드라마,15세이상관람가,일반영화
159,안티고네,소피 드라스프,0,2020-11-19,개봉영화,북아메리카,130,0.08883336,888333.6,100.56,"10,056","532,944","53,294,380","6,063",드라마,15세이상관람가,독립/예술영화
160,라스트 풀 메저,토드 로빈슨,0,2020-05-20,개봉영화,북아메리카,333,0.08880718,888071.8,112.23,"11,223","278,524","27,852,360","3,532",드라마,15세이상관람가,독립/예술영화
161,워터 릴리스,셀린 시아마,0,2020-08-13,개봉영화,유럽,89,0.087352532,873525.32,101.05,"10,105","538,480","53,848,032","6,028",드라마,15세이상관람가,독립/예술영화
162,너와 파도를 탈 수 있다면,유아사 마사아키,1,2020-07-08,개봉영화,아시아,257,0.08714598,871459.8,100.75,"10,075","371,207","37,120,700","4,083",애니메이션,12세이상관람가,독립/예술영화
163,도망친 여자,홍상수,0,2020-09-17,개봉영화,한국,143,0.08655824,865582.4,102.82,"10,282","588,169","58,816,890","6,750",드라마,청소년관람불가,독립/예술영화
164,테스와 보낸 여름,스티븐 바우터루드,0,2020-09-10,개봉영화,유럽,194,0.08442125,844212.5,94.59,"9,459","467,264","46,726,440","5,009",드라마,전체관람가,독립/예술영화
165,잔칫날,김록경,0,2020-12-02,개봉영화,한국,240,0.08322106,832210.6,108.06,"10,806","311,819","31,181,890","4,166",드라마,12세이상관람가,독립/예술영화
166,나는보리,김진유,0,2020-05-21,개봉영화,한국,158,0.08285336,828533.6,114.97,"11,497","473,444","47,344,440","6,280",가족,전체관람가,독립/예술영화
167,썸머 85,프랑수아 오종,0,2020-12-24,개봉영화,기타,126,0.08182249,818224.9,93.18,"9,318","497,326","49,732,590","5,406",멜로/로맨스,15세이상관람가,독립/예술영화
168,루팡 3세: 더 퍼스트,야마자키 타카시,2,2020-05-21,개봉영화,아시아,132,0.0800535,800535,108.59,"10,859","295,045","29,504,500","4,898",애니메이션,전체관람가,일반영화
169,요가학원 : 죽음의 쿤달리니,"전재홍,김지한",0,2020-11-18,개봉영화,한국,267,0.07997314,799731.4,91.28,"9,128","245,441","24,544,080","2,721",공포(호러),청소년관람불가,일반영화
170,소년 아메드,"장 피에르 다르덴,뤽 다르덴",0,2020-07-30,개봉영화,유럽,82,0.078064187,780641.87,98.05,"9,805","541,502","54,150,227","6,477",드라마,12세이상관람가,독립/예술영화
171,지저귀는 새는 날지 않는다,마키타 카오리,0,2020-07-16,개봉영화,아시아,81,0.077445,774450,86.39,"8,639","486,676","48,667,560","5,356",애니메이션,청소년관람불가,독립/예술영화
172,씨 피버,니사 하디만,0,2020-05-13,개봉영화,유럽,278,0.07721446,772144.6,89.15,"8,915","213,610","21,360,980","2,433",SF,15세이상관람가,독립/예술영화
173,나는 나를 해고하지 않는다,이태겸,0,2021-01-28,개봉영화,한국,313,0.07630326,763032.6,96.6,"9,660","357,480","35,748,040","4,539",드라마,12세이상관람가,독립/예술영화
174,레옹 디 오리지널,뤽 베송,0,2020-06-11,개봉영화,유럽,130,0.0761309,761309,124.03,"12,403","391,905","39,190,480","6,359",액션,청소년관람불가,일반영화
175,토이 솔져스: 가짜사나이2 더 컴플리트,오윤동,2,2021-01-27,개봉영화,한국,155,0.0753263,753263,79.91,"7,991","206,925","20,692,500","2,126",다큐멘터리,15세이상관람가,일반영화
176,완벽한 가족,로저 미첼,0,2021-01-06,개봉영화,북아메리카,318,0.07526846,752684.6,86.59,"8,659","257,926","25,792,630","2,828",드라마,15세이상관람가,독립/예술영화
177,마이 리틀 포니: 레인보우 로드 트립,,0,2020-10-29,개봉영화,북아메리카,226,0.07510974,751097.4,94.98,"9,498","139,286","13,928,600","1,570",애니메이션,전체관람가,일반영화
178,남매의 여름밤,윤단비,0,2020-08-20,개봉영화,한국,133,0.074408642,744086.42,87.04,"8,704","531,927","53,192,682","5,916",드라마,전체관람가,독립/예술영화
179,트로이 디렉터스 컷,볼프강 페터젠,0,2020-07-03,개봉영화,북아메리카,159,0.07346606,734660.6,86.75,"8,675","457,093","45,709,340","5,318",전쟁,청소년관람불가,일반영화
180,세인트 주디,,0,2020-07-29,개봉영화,북아메리카,151,0.07212736,721273.6,87.32,"8,732","445,157","44,515,660","5,172",드라마,12세이상관람가,독립/예술영화
181,카일라스 가는 길,정형민,0,2020-09-03,개봉영화,한국,47,0.07129054,712905.4,93.89,"9,389","335,243","33,524,330","4,203",다큐멘터리,전체관람가,독립/예술영화
182,피아니스트의 마지막 인터뷰,클로드 라롱드,0,2020-11-19,개봉영화,북아메리카,55,0.07049916,704991.6,84.18,"8,418","439,851","43,985,070","5,012",드라마,전체관람가,독립/예술영화
183,슈퍼 레이스,,0,2020-07-23,개봉영화,북아메리카,209,0.07034818,703481.8,90.43,"9,043","100,297","10,029,700","1,189",애니메이션,전체관람가,독립/예술영화
184,딥워터,요아힘 헤덴,0,2020-07-09,개봉영화,기타,264,0.07012026,701202.6,81.39,"8,139","230,716","23,071,560","2,586",액션,12세이상관람가,독립/예술영화
185,조조 래빗,타이카 와이티티,2,2020-02-05,개봉영화,북아메리카,277,0.07005404,700540.4,77.57,"7,757","502,606","50,260,560","5,484",코미디,12세이상관람가,독립/예술영화
186,"아무튼, 아담",,0,2020-07-02,개봉영화,북아메리카,110,0.0699435,699435,101.67,"10,167","281,240","28,124,000","4,051",드라마,15세이상관람가,독립/예술영화
187,하이큐!! 또 다른 도전,미츠나카 스스무,0,2020-05-14,개봉영화,아시아,142,0.0694559,694559,84.64,"8,464","164,215","16,421,500","1,832",애니메이션,12세이상관람가,일반영화
188,부니베어: 원시시대 대모험,정량,0,2020-10-22,개봉영화,아시아,216,0.0691467,691467,89.18,"8,918","62,412","6,241,200",720,애니메이션,전체관람가,독립/예술영화
189,작은 소망,전우성,0,2020-08-13,개봉영화,아시아,151,0.066448,664480,79.11,"7,911","217,505","21,750,500","2,583",코미디,12세이상관람가,독립/예술영화
190,고스트 오브 워,에릭 브레스,0,2020-09-02,개봉영화,유럽,228,0.06408996,640899.6,75.31,"7,531","204,120","20,411,970","2,350",미스터리,15세이상관람가,독립/예술영화
191,타오르는 여인의 초상,셀린 시아마,0,2020-01-16,개봉영화,유럽,120,0.06143518,614351.8,68.76,"6,876","488,698","48,869,780","5,336",드라마,15세이상관람가,독립/예술영화
192,종이꽃,고훈,0,2020-10-22,개봉영화,한국,256,0.06138831,613883.1,73.23,"7,323","231,653","23,165,270","2,624",드라마,12세이상관람가,독립/예술영화
193,미드나이트 스카이,조지 클루니,1,2020-12-09,개봉영화,북아메리카,257,0.06117716,611771.6,71.01,"7,101","251,462","25,146,210","2,891",드라마,12세이상관람가,독립/예술영화
194,신과 나: 100일간의 거래,팍품 웡품,0,2020-04-08,개봉영화,기타,240,0.0606271,606271,72.21,"7,221","244,573","24,457,320","2,856",미스터리,15세이상관람가,일반영화
195,이누야시키 : 히어로 VS 빌런,사토 신스케,0,2020-04-22,개봉영화,아시아,185,0.06041432,604143.2,75.09,"7,509","283,011","28,301,080","3,392",SF,15세이상관람가,독립/예술영화
196,더 렌탈 : 소리없는 감시자,데이브 프랑코,0,2020-09-16,개봉영화,북아메리카,245,0.06029428,602942.8,74.76,"7,476","193,060","19,305,990","2,363",공포(호러),15세이상관람가,일반영화
197,마이 미씽 발렌타인,진옥훈,0,2021-01-14,개봉영화,기타,153,0.05994807,599480.7,77.96,"7,796","255,959","25,595,930","3,370",멜로/로맨스,12세이상관람가,독립/예술영화
198,북스마트,올리비아 와일드,0,2021-01-27,개봉영화,북아메리카,163,0.0585619,585619,94.35,"9,435","291,029","29,102,900","5,756",코미디,15세이상관람가,독립/예술영화
199,남과 여: 여전히 찬란한,끌로드 를르슈,0,2020-10-15,개봉영화,유럽,69,0.0579639,579639,68.96,"6,896","379,492","37,949,200","4,320",드라마,15세이상관람가,독립/예술영화
200,엘라 벨라 빙고: 친구 찾기 대작전,"아틀 솔버그 블락세트,프랭크 모스볼드",0,2020-08-12,개봉영화,유럽,180,0.05732638,573263.8,72.74,"7,274","61,334","6,133,400",737,애니메이션,전체관람가,일반영화
201,69세,임선애,0,2020-08-20,개봉영화,한국,105,0.05709069,570906.9,69.41,"6,941","377,648","37,764,820","4,434",드라마,15세이상관람가,독립/예술영화
202,운디네,크리스티안 펫졸드,0,2020-12-24,개봉영화,유럽,42,0.05611902,561190.2,65.38,"6,538","372,569","37,256,850","4,109",드라마,12세이상관람가,독립/예술영화
203,환상의 마로나,안카 다미안,0,2020-06-11,개봉영화,유럽,48,0.05583596,558359.6,58.92,"5,892","466,097","46,609,720","4,670",애니메이션,전체관람가,독립/예술영화
204,"내 어깨 위 고양이, 밥 2",찰스 마틴 스미스,0,2020-12-24,개봉영화,유럽,202,0.05530619,553061.9,63.78,"6,378","237,924","23,792,370","2,638",가족,전체관람가,일반영화
205,클로젯,김광빈,2,2020-02-05,개봉영화,한국,1197,0.05342434,534243.4,58.92,"5,892","319,170","31,917,020","3,366",미스터리,15세이상관람가,일반영화
206,그리고 우린 춤을 추었다,레반 아킨,0,2020-11-25,개봉영화,유럽,79,0.05340581,534058.1,60.62,"6,062","379,578","37,957,840","4,088",드라마,15세이상관람가,독립/예술영화
207,인비저블 라이프,카림 아이노우즈,0,2020-06-24,개봉영화,기타,49,0.05154347,515434.7,63.52,"6,352","329,429","32,942,890","3,941",드라마,청소년관람불가,독립/예술영화
208,마르지엘라,라이너 홀제메르,0,2020-09-30,개봉영화,기타,31,0.05136817,513681.7,56.37,"5,637","438,722","43,872,200","4,712",다큐멘터리,전체관람가,독립/예술영화
209,파힘,피에르 프랑소와 마틴 라발,0,2021-01-21,개봉영화,유럽,165,0.0503667,503667,65.47,"6,547","202,006","20,200,600","2,528",드라마,전체관람가,독립/예술영화
210,나이스 걸 라이크 유,,0,2020-11-18,개봉영화,북아메리카,149,0.0480682,480682,57.2,"5,720","248,078","24,807,800","3,035",코미디,청소년관람불가,일반영화
211,아디오스,파코 카베자스,0,2020-07-22,개봉영화,유럽,150,0.04802922,480292.2,65.26,"6,526","181,461","18,146,060","2,562",액션,청소년관람불가,독립/예술영화
212,루키스,원금린,0,2020-05-20,개봉영화,아시아,277,0.04780508,478050.8,57.61,"5,761","135,878","13,587,800","1,598",액션,15세이상관람가,일반영화
213,"조금씩, 천천히 안녕",나카노 료타,0,2020-05-27,개봉영화,아시아,166,0.04778132,477813.2,59.6,"5,960","300,706","30,070,560","3,738",가족,전체관람가,독립/예술영화
214,작가 미상,플로리안 헨켈 폰 도너스마르크,0,2020-02-20,개봉영화,유럽,55,0.04777298,477729.8,56.32,"5,632","365,907","36,590,720","4,200",드라마,청소년관람불가,독립/예술영화
215,헌트,크레이그 조벨,1,2020-04-23,개봉영화,북아메리카,30,0.04753524,475352.4,64.15,"6,415","336,326","33,632,640","4,708",액션,청소년관람불가,일반영화
216,뮤지컬 브로드웨이 42번가,마크 브램블,0,2020-07-08,개봉영화,북아메리카,48,0.047531,475310,26.44,"2,644","182,405","18,240,500","1,014",뮤지컬,전체관람가,일반영화
217,부력,로드 라스젠,0,2020-06-25,개봉영화,호주,90,0.04609466,460946.6,55.23,"5,523","307,993","30,799,340","3,462",드라마,15세이상관람가,독립/예술영화
218,걸즈 앤 판처 최종장,미즈시마 츠토무,0,2020-03-12,개봉영화,아시아,11,0.04605,460500,48.5,"4,850","326,510","32,651,000","3,360",애니메이션,12세이상관람가,일반영화
219,사랑이 뭘까,이마이즈미 리키야,0,2020-04-09,개봉영화,아시아,132,0.04502048,450204.8,50.45,"5,045","318,998","31,899,820","3,495",멜로/로맨스,15세이상관람가,독립/예술영화
220,온다,나카시마 테츠야,0,2020-03-26,개봉영화,아시아,163,0.04490484,449048.4,54.56,"5,456","256,887","25,688,740","3,080",공포(호러),15세이상관람가,독립/예술영화
221,비독: 파리의 황제,장-프랑소와 리셰,0,2020-09-17,개봉영화,유럽,182,0.04466166,446616.6,51.2,"5,120","220,546","22,054,610","2,395",액션,15세이상관람가,독립/예술영화
222,젊은이의 양지,신수원,0,2020-10-28,개봉영화,한국,108,0.04408277,440827.7,51.99,"5,199","287,391","28,739,100","3,315",드라마,15세이상관람가,독립/예술영화
223,걸,,0,2021-01-07,개봉영화,유럽,239,0.04405351,440535.1,48.53,"4,853","216,466","21,646,570","2,248",드라마,15세이상관람가,독립/예술영화
224,그링고,내쉬 에드게톤,0,2020-03-05,개봉영화,북아메리카,45,0.0431895,431895,78.16,"7,816","379,410","37,941,000","7,188",액션,15세이상관람가,독립/예술영화
225,1942: 언노운 배틀,,0,2020-07-29,개봉영화,유럽,121,0.0430251,430251,53.99,"5,399","188,970","18,896,960","2,354",전쟁,15세이상관람가,일반영화
226,불량한 가족,장재일,0,2020-07-09,개봉영화,한국,161,0.04151994,415199.4,48.72,"4,872","174,104","17,410,360","1,889",코미디,12세이상관람가,독립/예술영화
227,공포분자,에드워드 양,0,2020-09-17,개봉영화,기타,52,0.04116663,411666.3,52.18,"5,218","272,005","27,200,450","3,330",드라마,15세이상관람가,독립/예술영화
228,에브리타임 아이 다이,로비 마이클,0,2020-10-21,개봉영화,북아메리카,140,0.04098297,409829.7,49.6,"4,960","215,468","21,546,770","2,484",미스터리,15세이상관람가,독립/예술영화
229,렛 힘 고,토마스 베주차,1,2020-11-05,개봉영화,북아메리카,47,0.040874,408740,58,"5,800","237,925","23,792,500","3,457",범죄,15세이상관람가,독립/예술영화
230,봉쇄수도원 카르투시오,김동일,0,2020-11-19,개봉영화,한국,125,0.04059118,405911.8,47.77,"4,777","185,464","18,546,360","2,111",다큐멘터리,전체관람가,독립/예술영화
231,리벤지,코랄리 파르쟈,0,2020-05-06,개봉영화,유럽,143,0.0402843,402843,48.14,"4,814","132,245","13,224,520","1,552",액션,청소년관람불가,독립/예술영화
232,에이브의 쿠킹 다이어리,,0,2020-06-24,개봉영화,브라질,56,0.03999306,399930.6,52.13,"5,213","335,691","33,569,100","4,365",드라마,전체관람가,독립/예술영화
233,아무도 없다,존 하이암스,0,2020-09-09,개봉영화,북아메리카,122,0.03890145,389014.5,44.78,"4,478","131,577","13,157,650","1,556",스릴러,15세이상관람가,독립/예술영화
234,극장판 시로바코,미즈시마 츠토무,0,2020-08-20,개봉영화,아시아,64,0.03884961,388496.1,44.64,"4,464","163,391","16,339,110","1,829",애니메이션,12세이상관람가,일반영화
235,팔로우 미,,0,2020-10-22,개봉영화,북아메리카,138,0.0387753,387753,47.15,"4,715","151,435","15,143,500","1,809",스릴러,15세이상관람가,일반영화
236,이장,정승오,0,2020-03-25,개봉영화,한국,82,0.03773704,377370.4,46.7,"4,670","216,289","21,628,940","2,426",드라마,12세이상관람가,독립/예술영화
237,트랜짓,크리스티안 펫졸드,0,2020-07-02,개봉영화,유럽,42,0.03768666,376866.6,44.29,"4,429","308,965","30,896,480","3,517",드라마,12세이상관람가,독립/예술영화
238,지니어스 독,길 정거,0,2020-09-16,개봉영화,북아메리카,142,0.0374634,374634,48.28,"4,828","134,037","13,403,700","1,838",코미디,12세이상관람가,일반영화
239,다시 만난 날들,심찬양,0,2020-09-24,개봉영화,한국,105,0.03724578,372457.8,41.76,"4,176","219,554","21,955,430","2,284",뮤지컬,12세이상관람가,독립/예술영화
240,베이비티스,,0,2020-10-22,개봉영화,호주,57,0.03658313,365831.3,43.29,"4,329","262,997","26,299,730","3,014",코미디,15세이상관람가,독립/예술영화
241,페뷸러스,멜라니 샤르본느,0,2020-11-05,개봉영화,북아메리카,71,0.03657228,365722.8,41.09,"4,109","255,679","25,567,870","2,876",코미디,15세이상관람가,독립/예술영화
242,트롤 킹,케빈 먼로,0,2020-10-07,개봉영화,기타,190,0.03652001,365200.1,47.28,"4,728","56,559","5,655,900",662,애니메이션,전체관람가,일반영화
243,에베레스트,이인항,0,2020-07-22,개봉영화,아시아,142,0.03641964,364196.4,43.56,"4,356","159,198","15,919,800","1,863",액션,15세이상관람가,일반영화
244,프록시마 프로젝트,앨리스 위노코,0,2020-10-15,개봉영화,유럽,86,0.03632975,363297.5,41.85,"4,185","256,249","25,624,880","2,845",드라마,12세이상관람가,독립/예술영화
245,극장판 기븐,야마구치 히카루,0,2020-11-26,개봉영화,아시아,103,0.03619477,361947.7,41.27,"4,127","154,665","15,466,460","1,651",애니메이션,15세이상관람가,일반영화
246,맹크,데이빗 핀처,1,2020-11-18,개봉영화,북아메리카,100,0.03606356,360635.6,40.36,"4,036","249,349","24,934,870","2,735",드라마,15세이상관람가,독립/예술영화
247,들리나요?,"김봉한,신승환",0,2020-06-10,개봉영화,한국,103,0.03591114,359111.4,35.98,"3,598","151,875","15,187,480","1,570",다큐멘터리,전체관람가,독립/예술영화
248,트라이얼 오브 더 시카고 7,아론 소킨,1,2020-10-07,개봉영화,북아메리카,103,0.03589373,358937.3,44.12,"4,412","199,150","19,914,960","2,338",드라마,15세이상관람가,독립/예술영화
249,슈팅걸스,배효민,0,2020-05-06,개봉영화,한국,207,0.03582306,358230.6,45.87,"4,587","77,147","7,714,740",913,드라마,12세이상관람가,독립/예술영화
250,와일드 시티,론 스캘펠로,0,2020-06-17,개봉영화,유럽,111,0.03531018,353101.8,41.68,"4,168","155,174","15,517,380","1,885",액션,청소년관람불가,독립/예술영화
251,부다페스트 스토리,아틸라 사스,0,2020-08-13,개봉영화,유럽,33,0.03466149,346614.9,41.81,"4,181","203,152","20,315,160","2,365",스릴러,15세이상관람가,독립/예술영화
252,미스터 보스,김형기,0,2020-12-30,개봉영화,한국,226,0.03451664,345166.4,42.67,"4,267","82,855","8,285,480","1,031",드라마,15세이상관람가,일반영화
253,럭키 몬스터,봉준영,0,2020-12-03,개봉영화,한국,101,0.03450558,345055.8,46.26,"4,626","173,520","17,351,980","2,255",드라마,청소년관람불가,독립/예술영화
254,고 피쉬!,숀 패트릭 오렐리,0,2020-07-23,개봉영화,북아메리카,138,0.03395278,339527.8,43.38,"4,338","48,776","4,877,640",597,애니메이션,전체관람가,일반영화
255,지옥의 묵시록 파이널 컷,프란시스 포드 코폴라,0,2020-11-26,개봉영화,북아메리카,64,0.03394363,339436.3,36.63,"3,663","201,062","20,106,200","2,104",전쟁,청소년관람불가,독립/예술영화
256,담쟁이,한제이,0,2020-10-28,개봉영화,한국,93,0.03370513,337051.3,42.58,"4,258","194,352","19,435,220","2,347",가족,15세이상관람가,독립/예술영화
257,퍼스트 러브,미이케 다카시,0,2020-12-17,개봉영화,아시아,79,0.0336305,336305,38.73,"3,873","191,310","19,130,950","2,121",범죄,청소년관람불가,독립/예술영화
258,죽이는 여자,애슐리 해밀턴,0,2020-08-23,개봉영화,북아메리카,1,0.0335,335000,65.72,"6,572","6,200","620,000",572,공포(호러),청소년관람불가,일반영화
259,무협: 더 코드,조니 우,0,2020-06-22,개봉영화,북아메리카,1,0.03348804,334880.4,65.49,"6,549","5,990","599,000",551,액션,15세이상관람가,일반영화
260,안녕까지 30분,,0,2020-10-14,개봉영화,아시아,115,0.0334478,334478,43.05,"4,305","186,225","18,622,500","2,432",판타지,12세이상관람가,독립/예술영화
261,레미: 집 없는 아이,앙트완 블로시에르,0,2020-05-28,개봉영화,유럽,168,0.03324238,332423.8,41.6,"4,160","149,166","14,916,560","1,875",가족,전체관람가,독립/예술영화
262,빛의 아버지: 파이널 판타지 XIV,"노구치 테루오,야마모토 키요시",0,2021-01-14,개봉영화,아시아,98,0.0331512,331512,35.41,"3,541","144,691","14,469,100","1,543",드라마,전체관람가,독립/예술영화
263,부산행:익스텐디드,연상호,2,2020-07-01,개봉영화,한국,88,0.0328085,328085,41.17,"4,117","137,635","13,763,500","1,715",액션,15세이상관람가,일반영화
264,모추어리 컬렉션,,0,2021-01-21,개봉영화,북아메리카,115,0.0322418,322418,37.67,"3,767","121,627","12,162,700","1,425",판타지,청소년관람불가,독립/예술영화
265,매지컬: 공주를 웃겨라,정윤철,0,2020-09-17,개봉영화,한국,220,0.03180967,318096.7,40.77,"4,077","53,531","5,353,060",642,애니메이션,전체관람가,일반영화
266,보테로,돈 밀러,0,2020-09-24,개봉영화,북아메리카,34,0.03130184,313018.4,38.05,"3,805","215,370","21,537,040","2,406",다큐멘터리,전체관람가,독립/예술영화
267,카메론 포스트의 잘못된 교육,데지레 아카반,0,2020-06-04,개봉영화,북아메리카,108,0.03120802,312080.2,35.41,"3,541","183,536","18,353,580","2,063",드라마,15세이상관람가,독립/예술영화
268,로그,M.J. 버세트,0,2020-11-25,개봉영화,북아메리카,180,0.03120314,312031.4,40.12,"4,012","126,136","12,613,560","1,571",액션,15세이상관람가,일반영화
269,주식회사 스페셜액터스,우에다 신이치로,0,2020-08-06,개봉영화,아시아,43,0.03103344,310334.4,36.06,"3,606","220,114","22,011,440","2,396",코미디,전체관람가,독립/예술영화
270,누군가 어디에서 나를 기다리면 좋겠다,아르노 비야르,0,2020-12-17,개봉영화,유럽,54,0.03100355,310035.5,40.72,"4,072","217,267","21,726,680","2,731",드라마,15세이상관람가,독립/예술영화
271,힐빌리의 노래,론 하워드,1,2020-11-11,개봉영화,북아메리카,84,0.03068278,306827.8,36.46,"3,646","178,455","17,845,500","2,071",드라마,청소년관람불가,독립/예술영화
272,어서오시게스트하우스,심요한,0,2020-08-13,개봉영화,한국,58,0.03066567,306656.7,34.68,"3,468","213,100","21,310,000","2,323",드라마,15세이상관람가,독립/예술영화
273,해피 디 데이,켄 마리노,0,2020-07-01,개봉영화,북아메리카,153,0.0304938,304938,36.94,"3,694","120,782","12,078,220","1,441",코미디,전체관람가,독립/예술영화
274,용길이네 곱창집,정의신,0,2020-03-12,개봉영화,아시아,93,0.03046316,304631.6,37.53,"3,753","147,695","14,769,500","1,846",드라마,15세이상관람가,독립/예술영화
275,스웨그,임성관,0,2020-12-10,개봉영화,한국,118,0.03030066,303006.6,32.14,"3,214","189,715","18,971,540","1,998",드라마,15세이상관람가,독립/예술영화
276,카오산 탱고,김범삼,0,2020-07-30,개봉영화,한국,45,0.03016686,301668.6,37.17,"3,717","219,055","21,905,460","2,474",드라마,12세이상관람가,독립/예술영화
277,나이브스 아웃,라이언 존슨,0,2019-12-04,개봉영화,북아메리카,686,0.03007774,300777.4,50.81,"5,081","136,820","13,681,960","2,319",미스터리,12세이상관람가,일반영화
278,헌티드 파크,타카하시 히로시,0,2020-05-06,개봉영화,아시아,143,0.03004736,300473.6,34.67,"3,467","74,084","7,408,400",823,공포(호러),15세이상관람가,독립/예술영화
279,썸원 썸웨어,세드릭 클라피쉬,0,2020-04-29,개봉영화,유럽,37,0.02992064,299206.4,35.89,"3,589","215,013","21,501,280","2,469",멜로/로맨스,12세이상관람가,독립/예술영화
280,증발,김성민,0,2020-11-12,개봉영화,한국,35,0.0286723,286723,39.22,"3,922","173,901","17,390,100","2,154",다큐멘터리,전체관람가,독립/예술영화
281,시라이,,0,2020-07-15,개봉영화,아시아,70,0.02857162,285716.2,33.05,"3,305","45,063","4,506,280",498,공포(호러),15세이상관람가,독립/예술영화
282,비행,조성빈,0,2020-03-19,개봉영화,한국,128,0.02844144,284414.4,33.26,"3,326","166,862","16,686,200","1,881",드라마,15세이상관람가,독립/예술영화
283,마샤와 곰: 최고 중에 최고,,0,2020-10-08,개봉영화,유럽,158,0.0283945,283945,35.25,"3,525","43,643","4,364,300",513,애니메이션,전체관람가,일반영화
284,맨슨 패밀리,앤드류 존스,0,2020-06-15,개봉영화,유럽,1,0.02798,279800,55.32,"5,532","170,200","17,020,000","3,532",공포(호러),15세이상관람가,일반영화
285,호프,마리아 소달,0,2020-12-17,개봉영화,기타,171,0.02772201,277220.1,33.12,"3,312","108,693","10,869,270","1,257",드라마,12세이상관람가,독립/예술영화
286,수퍼 소닉,제프 파울러,2,2020-02-12,개봉영화,북아메리카,609,0.02742382,274238.2,34.28,"3,428","123,642","12,364,200","1,469",애니메이션,전체관람가,일반영화
287,루브르박물관 기획특별전,,2,2020-09-16,개봉영화,유럽,22,0.027408,274080,21.1,"2,110","136,465","13,646,500","1,050",다큐멘터리,전체관람가,일반영화
288,모리의 정원,오키타 슈이치,0,2020-03-26,개봉영화,아시아,66,0.02721572,272157.2,32.45,"3,245","169,803","16,980,280","1,918",드라마,전체관람가,독립/예술영화
289,메탈리카와 샌프란시스코 심포니,,2,2020-05-20,개봉영화,북아메리카,41,0.027194,271940,15.34,"1,534","116,060","11,606,000",653,공연,12세이상관람가,일반영화
290,강철비2: 정상회담,양우석,2,2020-07-29,개봉영화,한국,2137,0.0271594,271594,102.94,"10,294","232,752","23,275,200","9,807",드라마,15세이상관람가,일반영화
291,리암 갤러거,"찰리 라이트닝,게빈 피츠제럴드",0,2020-03-12,개봉영화,유럽,54,0.0271158,271158,27.43,"2,743","194,875","19,487,500","1,837",다큐멘터리,15세이상관람가,독립/예술영화
292,소년시절의 너,증국상,0,2020-07-09,개봉영화,아시아,252,0.0267478,267478,39.85,"3,985","124,585","12,458,500","1,790",멜로/로맨스,15세이상관람가,독립/예술영화
293,가을의 마티네,니시타니 히로시,0,2020-12-31,개봉영화,아시아,19,0.02649237,264923.7,40.03,"4,003","177,013","17,701,340","2,558",멜로/로맨스,12세이상관람가,독립/예술영화
294,맛있는 녀석들,순 하이펑,0,2020-07-16,개봉영화,아시아,152,0.02604504,260450.4,32.74,"3,274","38,499","3,849,900",462,애니메이션,전체관람가,독립/예술영화
295,레벨 16,,0,2020-12-10,개봉영화,북아메리카,137,0.0259283,259283,28.56,"2,856","100,583","10,058,250","1,066",스릴러,15세이상관람가,독립/예술영화
296,태양의 소녀들,에바 허슨,0,2020-10-22,개봉영화,유럽,103,0.02558097,255809.7,29.71,"2,971","137,424","13,742,370","1,501",드라마,15세이상관람가,독립/예술영화
297,공수도,채여준,0,2020-04-09,개봉영화,한국,79,0.0250895,250895,29.5,"2,950","75,245","7,524,500",930,액션,15세이상관람가,일반영화
298,포드 V 페라리,제임스 맨골드,2,2019-12-04,개봉영화,북아메리카,986,0.02446816,244681.6,26.55,"2,655","88,527","8,852,740","1,048",액션,12세이상관람가,일반영화
299,리골레토,필립 슈톨츨,0,2020-04-05,개봉영화,유럽,6,0.0244675,244675,9.96,996,"197,416","19,741,600",803,공연,12세이상관람가,일반영화
300,도미노,브라이언 드 팔마,0,2020-06-11,개봉영화,유럽,113,0.02428536,242853.6,27.3,"2,730","115,974","11,597,360","1,293",범죄,15세이상관람가,독립/예술영화
301,타오르는 여인의 초상,셀린 시아마,0,2020-01-16,개봉영화,유럽,120,0.02343097,234309.7,28.48,"2,848","137,670","13,766,970","1,623",드라마,15세이상관람가,독립/예술영화
302,블랙아웃 : 인베이젼 어스,예고르 바라노프,0,2020-08-05,개봉영화,유럽,51,0.02327542,232754.2,27.38,"2,738","129,869","12,986,940","1,420",SF,15세이상관람가,일반영화
303,프리키 데스데이 순한맛,크리스토퍼 랜던,1,2020-12-10,개봉영화,북아메리카,159,0.02327323,232732.3,25.41,"2,541","59,652","5,965,220",637,코미디,15세이상관람가,일반영화
304,인퍼머스,,0,2020-11-11,개봉영화,북아메리카,135,0.02305865,230586.5,24.99,"2,499","95,180","9,517,970",998,범죄,청소년관람불가,독립/예술영화
305,"안녕, 미누",지혜원,0,2020-05-27,개봉영화,한국,25,0.0229665,229665,28.5,"2,850","163,080","16,308,000","2,020",다큐멘터리,12세이상관람가,독립/예술영화
306,글로리아를 위하여,로베르 게디기앙,0,2020-10-29,개봉영화,유럽,36,0.0228754,228754,28.33,"2,833","174,531","17,453,100","2,179",드라마,15세이상관람가,독립/예술영화
307,반교: 디텐션,존 쉬,0,2020-08-13,개봉영화,기타,128,0.02287412,228741.2,34.35,"3,435","137,671","13,767,120","2,392",공포(호러),15세이상관람가,독립/예술영화
308,사냥의 시간: 데스 게임,아론 머티스,0,2020-06-22,개봉영화,북아메리카,1,0.02250152,225015.2,45.38,"4,538","5,870","587,000",539,공포(호러),청소년관람불가,일반영화
309,사일런싱,,0,2021-01-28,개봉영화,북아메리카,89,0.02231118,223111.8,28.73,"2,873","94,363","9,436,340","1,236",공포(호러),15세이상관람가,일반영화
310,인헤리턴스,,0,2020-06-25,개봉영화,북아메리카,58,0.022257,222570,34.34,"3,434","157,660","15,766,000","2,666",스릴러,15세이상관람가,일반영화
311,악몽,송정우,0,2020-03-12,개봉영화,한국,165,0.02195372,219537.2,25.53,"2,553","45,372","4,537,180",497,미스터리,청소년관람불가,독립/예술영화
312,고양이와 할아버지,미츠아키 이와고,0,2020-04-23,개봉영화,아시아,71,0.02174934,217493.4,25.77,"2,577","123,091","12,309,140","1,445",드라마,전체관람가,독립/예술영화
313,그리드,마이클 윈터바텀,0,2020-10-15,개봉영화,유럽,66,0.0214095,214095,24.11,"2,411","144,517","14,451,700","1,546",코미디,15세이상관람가,독립/예술영화
314,후쿠오카,장률,0,2020-08-27,개봉영화,한국,101,0.02129698,212969.8,26.2,"2,620","105,810","10,581,000","1,277",드라마,15세이상관람가,독립/예술영화
315,피원에이치 : 새로운 세계의 시작,창,2,2020-10-08,개봉영화,한국,87,0.0211092,211092,22.84,"2,284","120,312","12,031,200","1,223",드라마,15세이상관람가,일반영화
316,레전더리 콘서트: 헤르베르트 폰 카라얀,헤르베르트 폰 카라얀,0,2020-11-01,개봉영화,유럽,15,0.020976,209760,7.3,730,"128,990","12,899,000",429,공연,전체관람가,일반영화
317,엠마,어텀 드 와일드,1,2020-02-27,개봉영화,유럽,18,0.0209065,209065,29.27,"2,927","134,020","13,402,000","1,803",코미디,12세이상관람가,독립/예술영화
318,런 보이 런,오원재,0,2020-05-28,개봉영화,한국,25,0.02089374,208937.4,29.56,"2,956","113,860","11,386,020","1,536",드라마,15세이상관람가,일반영화
319,조커,토드 필립스,1,2019-10-02,개봉영화,북아메리카,1418,0.0207455,207455,20.78,"2,078","107,085","10,708,500","1,071",액션,15세이상관람가,일반영화
320,열혈형사,윤여창,0,2020-06-18,개봉영화,한국,121,0.02053996,205399.6,24.92,"2,492","73,810","7,381,000",850,코미디,12세이상관람가,일반영화
321,고양이 집사,이희섭,0,2020-05-14,개봉영화,한국,49,0.02047224,204722.4,23.99,"2,399","113,968","11,396,820","1,287",다큐멘터리,전체관람가,독립/예술영화
322,나를 구하지 마세요,정연경,0,2020-09-10,개봉영화,한국,79,0.0204038,204038,23.34,"2,334","105,382","10,538,220","1,140",드라마,12세이상관람가,독립/예술영화
323,후쿠오카,장률,0,2020-08-27,개봉영화,한국,101,0.02024954,202495.4,24.44,"2,444","133,731","13,373,070","1,455",드라마,15세이상관람가,독립/예술영화
324,토스카,,0,2020-12-01,개봉영화,유럽,4,0.02017585,201758.5,6.84,684,"139,523","13,952,250",437,공연,12세이상관람가,일반영화
325,나인스 게이트: 아홉 번째 살인,니콜라이 콤메리키,0,2020-11-04,개봉영화,유럽,93,0.01994365,199436.5,22.35,"2,235","88,404","8,840,380",962,어드벤처,15세이상관람가,일반영화
326,광주비디오: 사라진 4시간,이조훈,0,2020-07-16,개봉영화,한국,70,0.01984048,198404.8,26.15,"2,615","83,130","8,312,980","1,033",다큐멘터리,12세이상관람가,독립/예술영화
327,포기와 베스,,0,2020-10-06,개봉영화,북아메리카,7,0.0198239,198239,7.86,786,"146,636","14,663,600",582,공연,12세이상관람가,일반영화
328,너의 새는 노래할 수 있어,미야케 쇼,0,2020-04-16,개봉영화,아시아,37,0.0197619,197619,21.72,"2,172","153,420","15,342,040","1,590",멜로/로맨스,15세이상관람가,독립/예술영화
329,셰이프 오브 뮤직: 알렉상드르 데스플라,파스칼 쾨노,0,2020-08-13,개봉영화,유럽,30,0.01956111,195611.1,22.63,"2,263","141,521","14,152,050","1,565",다큐멘터리,전체관람가,독립/예술영화
330,69세,임선애,0,2020-08-20,개봉영화,한국,105,0.0195515,195515,25.7,"2,570","134,420","13,442,000","1,676",드라마,15세이상관람가,독립/예술영화
331,더 시크릿,유발 애들러,0,2021-01-21,개봉영화,유럽,72,0.01953486,195348.6,27.96,"2,796","86,178","8,617,770","1,273",스릴러,15세이상관람가,독립/예술영화
332,얼론,조니 마틴,0,2020-11-18,개봉영화,북아메리카,189,0.01947429,194742.9,22.94,"2,294","70,690","7,069,010",794,액션,15세이상관람가,독립/예술영화
333,큰엄마의 미친봉고,백승환,0,2021-01-21,개봉영화,한국,67,0.01934474,193447.4,28.02,"2,802","74,309","7,430,910","1,096",코미디,12세이상관람가,일반영화
334,그 누구도 아닌,아르노 데 팔리에르,0,2020-03-26,개봉영화,유럽,74,0.019051,190510,23.19,"2,319","127,307","12,730,680","1,537",드라마,15세이상관람가,독립/예술영화
335,버든: 세상을 바꾸는 힘,앤드류 헤클러,0,2020-11-25,개봉영화,북아메리카,82,0.01878057,187805.7,22.81,"2,281","110,708","11,070,770","1,294",드라마,15세이상관람가,독립/예술영화
336,알피니스트 - 어느 카메라맨의 고백,"임일진,김민철",0,2020-10-15,개봉영화,한국,21,0.01876243,187624.3,23.16,"2,316","119,440","11,944,030","1,451",다큐멘터리,12세이상관람가,독립/예술영화
337,코마,,0,2020-11-12,개봉영화,유럽,46,0.01873945,187394.5,25.63,"2,563","121,110","12,110,950","1,652",SF,15세이상관람가,독립/예술영화
338,"하이, 젝시","존 루카스,스콧 무어",0,2020-02-19,개봉영화,북아메리카,205,0.018696,186960,29.69,"2,969","74,265","7,426,500","1,219",코미디,15세이상관람가,일반영화
339,우리가 이별 뒤에 알게 되는 것들,아이스링 친-이,0,2020-09-30,개봉영화,북아메리카,37,0.01857974,185797.4,22.57,"2,257","119,463","11,946,340","1,353",드라마,12세이상관람가,독립/예술영화
340,보이콰이어,프랑소아 지라드,0,2020-05-14,개봉영화,북아메리카,74,0.01850908,185090.8,22.2,"2,220","113,682","11,368,220","1,319",드라마,전체관람가,독립/예술영화
341,내언니전지현과 나,박윤진,0,2020-12-03,개봉영화,한국,36,0.0183583,183583,21.42,"2,142","133,070","13,307,030","1,454",다큐멘터리,12세이상관람가,독립/예술영화
342,첫키스만 50번째,후쿠다 유이치,0,2020-03-26,개봉영화,아시아,117,0.01833656,183365.6,22.12,"2,212","83,162","8,316,200",975,코미디,12세이상관람가,독립/예술영화
343,핀란드 메탈밴드,,0,2020-04-09,개봉영화,유럽,59,0.01802218,180221.8,22.27,"2,227","131,467","13,146,740","1,634",코미디,15세이상관람가,독립/예술영화
344,파라다이스 힐스,앨리스 웨딩턴,0,2020-03-19,개봉영화,유럽,109,0.0178552,178552,20.46,"2,046","103,605","10,360,520","1,103",판타지,12세이상관람가,독립/예술영화
345,엑설런트 어드벤쳐 3,딘 패리소트,0,2020-11-19,개봉영화,북아메리카,54,0.01783298,178329.8,33.51,"3,351","70,649","7,064,940","1,275",어드벤처,12세이상관람가,일반영화
346,관계의 가나다에 있는 우리는,이인의,0,2021-01-28,개봉영화,한국,39,0.01765807,176580.7,23.8,"2,380","117,248","11,724,770","1,499",드라마,전체관람가,독립/예술영화
347,베토벤 프로젝트,존 노이마이어,0,2020-07-12,개봉영화,유럽,13,0.017639,176390,10.21,"1,021","130,130","13,013,000",774,공연,전체관람가,일반영화
348,모든 것을 벗어던진 특별한 여행,,0,2020-07-29,개봉영화,호주,51,0.01763566,176356.6,21.83,"2,183","120,867","12,086,700","1,467",코미디,15세이상관람가,독립/예술영화
349,숀더쉽 더 무비: 꼬마 외계인 룰라!,"리처드 펠런,윌 베처",0,2020-02-19,개봉영화,유럽,270,0.01758666,175866.6,25.02,"2,502","45,393","4,539,300",646,애니메이션,전체관람가,일반영화
350,레전더리 콘서트: 카를로스 클라이버,카를로스 클라이버,0,2020-12-02,개봉영화,유럽,14,0.01713,171300,5.83,583,"115,030","11,503,000",381,공연,전체관람가,일반영화
351,사랑이 눈뜰 때,마이클 메일러,0,2020-08-26,개봉영화,북아메리카,92,0.01683777,168377.7,21.97,"2,197","74,713","7,471,340",967,드라마,12세이상관람가,독립/예술영화
352,공포체험라디오 4DX,서정희,2,2020-09-16,개봉영화,한국,37,0.016604,166040,17.94,"1,794","60,995","6,099,500",650,공포(호러),15세이상관람가,일반영화
353,웰컴 투 X-월드,한태의,0,2020-10-29,개봉영화,한국,23,0.0165224,165224,20.64,"2,064","127,609","12,760,900","1,444",다큐멘터리,전체관람가,독립/예술영화
354,용루각: 비정도시,최상훈,0,2020-12-03,개봉영화,한국,22,0.01630821,163082.1,27.4,"2,740","60,688","6,068,750","1,024",액션,청소년관람불가,일반영화
355,제이티 르로이,,0,2021-01-21,개봉영화,북아메리카,93,0.0162667,162667,19.77,"1,977","81,159","8,115,900",969,드라마,15세이상관람가,독립/예술영화
356,킬 스위치,,0,2020-07-01,개봉영화,북아메리카,51,0.0162609,162609,32.3,"3,230","63,609","6,360,900","1,250",SF,15세이상관람가,일반영화
357,행복의 단추를 채우는 완벽한 방법,칼 헌터,0,2020-04-02,개봉영화,유럽,55,0.01625012,162501.2,19.55,"1,955","108,441","10,844,080","1,280",코미디,12세이상관람가,독립/예술영화
358,기도의 힘,알렉스 켄드릭,0,2020-04-09,개봉영화,북아메리카,69,0.0161932,161932,20.42,"2,042","72,365","7,236,540",923,드라마,12세이상관람가,독립/예술영화
359,송 오브 러브,,0,2020-09-10,개봉영화,기타,48,0.01613408,161340.8,31.33,"3,133","56,676","5,667,600","1,069",드라마,12세이상관람가,일반영화
360,위 섬온 더 다크니스,,0,2020-09-17,개봉영화,북아메리카,49,0.01610132,161013.2,31.31,"3,131","54,328","5,432,800","1,053",공포(호러),청소년관람불가,일반영화
361,함께 있을 수 있다면,끌로드 베리,0,2020-12-24,개봉영화,유럽,30,0.01587661,158766.1,20.53,"2,053","92,772","9,277,210","1,185",멜로/로맨스,12세이상관람가,독립/예술영화
362,걸즈 앤 판처 제? 63회 전차도 전국 고교생 대회,미즈시마 츠토무,0,2020-04-09,개봉영화,아시아,11,0.0154655,154655,16.67,"1,667","104,145","10,414,500","1,102",애니메이션,12세이상관람가,일반영화
363,캐리비안 해적과 마법 다이아몬드,라스무스 A. 실버르센,0,2020-08-26,개봉영화,유럽,138,0.01536832,153683.2,19.44,"1,944","29,539","2,953,940",353,애니메이션,전체관람가,일반영화
364,찬실이는 복도 많지,김초희,0,2020-03-05,개봉영화,한국,241,0.01515937,151593.7,16.35,"1,635","107,756","10,775,570","1,050",드라마,전체관람가,독립/예술영화
365,래시 컴 홈,올더디센 하노,0,2021-01-07,개봉영화,유럽,13,0.01502245,150224.5,24.98,"2,498","84,053","8,405,300","1,392",가족,전체관람가,독립/예술영화
366,프린세스 에미: 마법 책의 비밀,피엣 드 라이커,0,2020-11-26,개봉영화,유럽,133,0.01455578,145557.8,18.71,"1,871","14,604","1,460,400",181,애니메이션,전체관람가,일반영화
367,극장판 시티헌터: 신주쿠 프라이빗 아이즈,코다마 켄지,0,2020-06-18,개봉영화,아시아,64,0.014319,143190,20.52,"2,052","65,955","6,595,500",912,애니메이션,12세이상관람가,독립/예술영화
368,마담 버터플라이,,0,2020-05-05,개봉영화,북아메리카,6,0.0143049,143049,5.64,564,"100,872","10,087,200",396,공연,전체관람가,일반영화
369,파리 오페라 발레단,"티에리 데마이지에르,알반 테우를라이",0,2020-06-11,개봉영화,유럽,18,0.01428754,142875.4,18.05,"1,805","109,580","10,958,040","1,341",다큐멘터리,전체관람가,독립/예술영화
370,태백권,최상훈,0,2020-08-20,개봉영화,한국,62,0.0142478,142478,19.72,"1,972","59,920","5,992,000",941,코미디,15세이상관람가,일반영화
371,팡파레,이돈구,0,2020-07-09,개봉영화,한국,24,0.01414198,141419.8,16.35,"1,635","104,070","10,406,980","1,100",드라마,청소년관람불가,독립/예술영화
372,마치다군의 세계,이시이 유야,0,2020-11-12,개봉영화,아시아,44,0.01412417,141241.7,14.83,"1,483","105,928","10,592,800","1,076",멜로/로맨스,전체관람가,독립/예술영화
373,범털,강태호,0,2020-05-14,개봉영화,한국,48,0.01402356,140235.6,17.41,"1,741","30,093","3,009,260",340,범죄,15세이상관람가,독립/예술영화
374,네 멋대로 해라: 장 뤽 고다르,미셀 하자나비시우스,0,2020-03-19,개봉영화,유럽,93,0.0138296,138296,16.9,"1,690","80,297","8,029,660",978,코미디,15세이상관람가,독립/예술영화
375,피가로의 결혼,그레이엄 빅,0,2020-05-01,개봉영화,유럽,4,0.0136955,136955,5.3,530,"97,035","9,703,500",325,공연,12세이상관람가,일반영화
376,프리즈너,양길영,0,2020-07-23,개봉영화,한국,49,0.01364236,136423.6,16.81,"1,681","40,755","4,075,480",490,액션,15세이상관람가,일반영화
377,블러드샷,데이브 윌슨,1,2020-05-21,개봉영화,북아메리카,8,0.013568,135680,18.06,"1,806","86,760","8,676,000","1,212",액션,15세이상관람가,일반영화
378,김일성의 아이들,김덕영,0,2020-06-25,개봉영화,한국,13,0.0130685,130685,16.66,"1,666","95,195","9,519,500","1,233",다큐멘터리,전체관람가,독립/예술영화
379,컨택트 2020,,0,2020-07-15,개봉영화,북아메리카,1,0.013017,130170,25.76,"2,576","49,170","4,917,000",956,SF,12세이상관람가,일반영화
380,큐리오사,루 주네,0,2020-08-06,개봉영화,유럽,19,0.0129698,129698,14.8,"1,480","82,381","8,238,100",875,드라마,청소년관람불가,독립/예술영화
381,제인의 썸머,송은주,0,2020-06-18,개봉영화,한국,43,0.0125755,125755,21.82,"2,182","110,945","11,094,500","2,013",멜로/로맨스,청소년관람불가,일반영화
382,뮤직 앤 리얼리티,"빅 포니,스티브 리",0,2020-12-23,개봉영화,한국,38,0.01228139,122813.9,14.09,"1,409","85,066","8,506,620",946,드라마,12세이상관람가,독립/예술영화
383,살로메,로메오 카스텔루치,0,2020-09-20,개봉영화,유럽,8,0.0122236,122236,4.86,486,"89,218","8,921,800",347,공연,15세이상관람가,일반영화
384,그날이 온다,크리스토퍼 모리스,0,2020-12-09,개봉영화,유럽,105,0.01220185,122018.5,13.61,"1,361","56,510","5,651,000",594,코미디,15세이상관람가,독립/예술영화
385,얼굴없는 보스: 못다한 이야기 감독판,임성용,0,2020-05-13,개봉영화,한국,50,0.0121572,121572,16.62,"1,662","22,878","2,287,840",332,범죄,15세이상관람가,일반영화
386,겨울밤에,장우진,0,2020-12-10,개봉영화,한국,49,0.01208397,120839.7,14.25,"1,425","78,356","7,835,570",869,드라마,12세이상관람가,독립/예술영화
387,아르코라이브 뮤지컬 안테모사,"이정민,오미선",0,2020-03-25,개봉영화,한국,16,0.0120595,120595,10.16,"1,016","64,050","6,405,000",536,공연,전체관람가,일반영화
388,바람의 언덕,박석영,0,2020-04-23,개봉영화,한국,28,0.0120549,120549,17.18,"1,718","75,054","7,505,400","1,078",드라마,전체관람가,독립/예술영화
389,우리집 똥멍청이,이반 아탈,0,2020-07-22,개봉영화,유럽,79,0.0119836,119836,14.59,"1,459","32,652","3,265,200",396,코미디,15세이상관람가,독립/예술영화
390,스왈로우,카를로 미라벨라 데이비스,0,2020-07-03,개봉영화,북아메리카,10,0.01198,119800,15.2,"1,520","74,860","7,486,000",951,미스터리,15세이상관람가,독립/예술영화
391,라이어트: 기계들의 역습,,0,2020-12-23,개봉영화,북아메리카,52,0.0119759,119759,22.83,"2,283","103,509","10,350,900","1,958",SF,15세이상관람가,일반영화
392,싸커 퀸즈,모하메드 하미디,0,2020-05-27,개봉영화,유럽,57,0.01193258,119325.8,15.24,"1,524","83,757","8,375,740","1,075",코미디,12세이상관람가,독립/예술영화
393,반도,연상호,2,2020-07-15,개봉영화,한국,2575,0.011821,118210,17.68,"1,768","93,260","9,326,000","1,440",액션,15세이상관람가,일반영화
394,벌새,김보라,0,2019-08-29,개봉영화,한국,145,0.0117724,117724,14.39,"1,439","87,245","8,724,500",995,드라마,15세이상관람가,독립/예술영화
395,아이 빌리브,,0,2020-11-05,개봉영화,북아메리카,75,0.0117576,117576,14.33,"1,433","50,825","5,082,500",607,드라마,전체관람가,일반영화
396,피아니스트의 전설,쥬세페 토르나토레,0,2020-01-01,개봉영화,유럽,69,0.01165346,116534.6,22.72,"2,272","63,390","6,338,960","1,231",드라마,15세이상관람가,독립/예술영화
397,세비야의 이발사,,0,2020-03-03,개봉영화,유럽,5,0.0115805,115805,4.21,421,"62,245","6,224,500",207,공연,전체관람가,일반영화
398,지옥의 오르페,"베리 코스키,마이클 베이어",0,2020-10-25,개봉영화,유럽,7,0.0114791,114791,4.6,460,"87,814","8,781,400",353,공연,청소년관람불가,일반영화
399,크루아상,조성규,0,2021-01-21,개봉영화,한국,42,0.01146345,114634.5,12.21,"1,221","70,073","7,007,310",736,드라마,12세이상관람가,독립/예술영화
400,엠티맨,,2,2020-11-19,개봉영화,북아메리카,100,0.01131412,113141.2,12.66,"1,266","49,678","4,967,810",556,공포(호러),15세이상관람가,일반영화
401,코드 8,,0,2020-07-02,개봉영화,북아메리카,82,0.01124136,112413.6,13.62,"1,362","33,380","3,337,960",400,SF,15세이상관람가,일반영화
402,피델리오,,0,2020-05-31,개봉영화,유럽,7,0.0112308,112308,4.55,455,"81,943","8,194,300",330,공연,전체관람가,일반영화
403,아웃사이더,"가한진,후닝 유안",0,2020-04-02,개봉영화,아시아,96,0.01102728,110272.8,13.55,"1,355","44,979","4,497,860",548,기타,청소년관람불가,독립/예술영화
404,빈폴,칸테미르 발라고프,0,2020-02-27,개봉영화,유럽,33,0.010931,109310,13.69,"1,369","82,388","8,238,820","1,006",드라마,15세이상관람가,독립/예술영화
405,다니엘 이즌 리얼,아담 이집트 모티머,0,2020-04-09,개봉영화,북아메리카,36,0.010914,109140,12.21,"1,221","59,420","5,942,000",635,스릴러,청소년관람불가,독립/예술영화
406,라스트 프론티어,,0,2021-01-14,개봉영화,유럽,20,0.0108245,108245,18.4,"1,840","88,419","8,841,900","1,606",전쟁,15세이상관람가,독립/예술영화
407,어트랙션,"만스 말린드,비욘 스테인",0,2020-09-17,개봉영화,유럽,101,0.01080757,108075.7,12.86,"1,286","44,521","4,452,080",522,드라마,12세이상관람가,독립/예술영화
408,극장판 미니특공대: 공룡왕 디노,이영준,0,2020-02-06,개봉영화,한국,485,0.01079204,107920.4,14.51,"1,451","7,695","769,500",96,애니메이션,전체관람가,일반영화
409,스카이와 친구들: 로보시티의 비밀,,0,2020-12-10,개봉영화,기타,83,0.01076568,107656.8,13.94,"1,394","12,597","1,259,700",145,애니메이션,전체관람가,일반영화
410,황무지 5월의 고해,김태영,0,2020-10-28,개봉영화,한국,39,0.0106245,106245,13.14,"1,314","67,880","6,788,000",824,드라마,15세이상관람가,독립/예술영화
411,디어 마이 지니어스,구윤주,0,2020-10-22,개봉영화,한국,14,0.0105824,105824,18.07,"1,807","47,489","4,748,900",711,다큐멘터리,전체관람가,독립/예술영화
412,비홀드 마이 하트,조슈아 레오나드,0,2020-05-21,개봉영화,북아메리카,47,0.0104673,104673,12.4,"1,240","77,315","7,731,480",911,드라마,12세이상관람가,독립/예술영화
413,페인티드 버드,,0,2020-03-26,개봉영화,유럽,12,0.01040428,104042.8,11.03,"1,103","97,639","9,763,900","1,024",드라마,청소년관람불가,독립/예술영화
414,겨울왕국 2,"크리스 벅,제니퍼 리",2,2019-11-21,개봉영화,북아메리카,2648,0.0103877,103877,15.77,"1,577","54,632","5,463,180",799,애니메이션,전체관람가,일반영화
415,앙상블,정형석,0,2020-11-05,개봉영화,한국,52,0.01037661,103766.1,11.4,"1,140","64,125","6,412,540",678,드라마,12세이상관람가,독립/예술영화
416,포스 오브 네이쳐,마이클 폴리쉬,0,2020-07-01,개봉영화,북아메리카,46,0.01018016,101801.6,14.78,"1,478","56,503","5,650,280",871,액션,15세이상관람가,일반영화
417,레전더리 콘서트: 레너드 번스타인,,0,2021-01-03,개봉영화,유럽,12,0.0101325,101325,3.66,366,"67,165","6,716,500",229,공연,전체관람가,일반영화
418,욕창,심혜정,0,2020-07-02,개봉영화,한국,17,0.01006758,100675.8,12.88,"1,288","64,701","6,470,080",736,드라마,12세이상관람가,독립/예술영화
419,예티: 신비한 동물 탐험대,"피에르 그레코,낸시 플로렌스 사바드",0,2020-10-08,개봉영화,북아메리카,78,0.01003216,100321.6,13.07,"1,307","10,230","1,023,000",131,애니메이션,전체관람가,독립/예술영화
420,투란도트,프랑코 제피렐리,0,2020-02-08,개봉영화,북아메리카,5,0.0100125,100125,3.79,379,"73,530","7,353,000",278,공연,12세이상관람가,일반영화
421,그녀의 비밀정원,김인식,0,2020-04-22,개봉영화,한국,79,0.00996688,99668.8,12.54,"1,254","29,059","2,905,860",375,드라마,15세이상관람가,독립/예술영화
422,라 보엠,,0,2020-11-29,개봉영화,유럽,7,0.0097194,97194,3.79,379,"70,690","7,069,000",278,공연,전체관람가,일반영화
423,어쩌다 아스널,줄리엔 라페뉴,0,2020-05-13,개봉영화,유럽,85,0.00956488,95648.8,12.11,"1,211","37,812","3,781,240",500,드라마,전체관람가,독립/예술영화
424,마지막 휴가,노거경,0,2020-12-10,개봉영화,한국,11,0.009561,95610,11.64,"1,164","63,190","6,319,000",790,기타,15세이상관람가,독립/예술영화
425,기억의 전쟁,이길보라,0,2020-02-27,개봉영화,한국,14,0.0095163,95163,11.64,"1,164","77,781","7,778,100",875,다큐멘터리,12세이상관람가,독립/예술영화
426,백두산,"이해준,김병서",2,2019-12-19,개봉영화,한국,19,0.00947,94700,9.72,972,0,0,0,어드벤처,12세이상관람가,일반영화
427,1945: 포인트 오브 노 리턴,릭 로버츠,0,2020-06-24,개봉영화,유럽,47,0.00934418,93441.8,13.69,"1,369","28,619","2,861,940",392,전쟁,15세이상관람가,일반영화
428,킬러맨,말릭 베이더,0,2020-08-13,개봉영화,북아메리카,25,0.0091923,91923,11.21,"1,121","55,383","5,538,300",690,액션,청소년관람불가,일반영화
429,국도극장: 감독판,전지희,0,2020-05-29,개봉영화,한국,1,0.009046,90460,11.06,"1,106","63,050","6,305,000",700,드라마,12세이상관람가,독립/예술영화
430,스킨,기 나티브,0,2020-03-19,개봉영화,북아메리카,34,0.00882516,88251.6,11.2,"1,120","58,182","5,818,160",754,드라마,청소년관람불가,독립/예술영화
431,사랑의 묘약,,0,2020-06-02,개봉영화,유럽,5,0.00874,87400,3.19,319,"67,845","6,784,500",229,공연,12세이상관람가,일반영화
432,왕과 나: 런던 팔라디움 극장 뮤지컬,게리 할버슨,2,2020-04-29,개봉영화,유럽,12,0.008737,87370,5.1,510,"46,725","4,672,500",276,공연,전체관람가,일반영화
433,히트맨,최원섭,2,2020-01-22,개봉영화,한국,1122,0.0086896,86896,9.58,958,"44,780","4,478,000",463,코미디,15세이상관람가,일반영화
434,래드윔프스 안티 안티 제너레이션 2019,,0,2020-11-05,개봉영화,아시아,27,0.008549,85490,4.75,475,"38,875","3,887,500",216,공연,전체관람가,일반영화
435,구르는 수레바퀴,문정윤,0,2020-09-23,개봉영화,한국,4,0.00851,85100,10.72,"1,072","84,190","8,419,000","1,060",가족,12세이상관람가,독립/예술영화
436,버즈 오브 프레이(할리 퀸의 황홀한 해방),캐시 얀,1,2020-02-05,개봉영화,북아메리카,963,0.0084228,84228,9.57,957,"70,750","7,075,000",806,액션,15세이상관람가,일반영화
437,구직자들,황승재,0,2020-11-12,개봉영화,한국,29,0.00840465,84046.5,9.2,920,"59,211","5,921,080",631,SF,전체관람가,독립/예술영화
438,바다로 가자,김량,0,2020-06-18,개봉영화,한국,15,0.0083625,83625,12.45,"1,245","64,585","6,458,500",977,가족,전체관람가,독립/예술영화
439,팔리아치,마리오 마르토네,0,2020-07-03,개봉영화,유럽,5,0.00835465,83546.5,3.16,316,"48,636","4,863,600",162,공연,12세이상관람가,일반영화
440,꿀벌과 천둥,이시카와 케이,0,2020-10-29,개봉영화,아시아,35,0.0082706,82706,9.23,923,"40,411","4,041,100",431,드라마,전체관람가,독립/예술영화
441,리메인,김민경,0,2020-08-27,개봉영화,한국,45,0.0082207,82207,9.65,965,"43,482","4,348,200",476,드라마,청소년관람불가,독립/예술영화
442,장 미쉘 바스키아: 더 레이디언트 차일드,탐라 데이비스,2,2020-12-09,개봉영화,북아메리카,18,0.0079791,79791,8.69,869,"53,813","5,381,300",580,다큐멘터리,12세이상관람가,일반영화
443,파도를 걷는 소년,최창환,0,2020-05-14,개봉영화,한국,25,0.00795422,79542.2,9.43,943,"48,372","4,837,220",518,드라마,15세이상관람가,독립/예술영화
444,해피 해피 레스토랑,후카가와 요시히로,0,2020-05-14,개봉영화,아시아,24,0.00794012,79401.2,10.09,"1,009","66,758","6,675,800",855,가족,전체관람가,독립/예술영화
445,어게인,조창열,0,2020-07-30,개봉영화,한국,22,0.0078995,78995,10.12,"1,012","62,650","6,265,000",773,뮤지컬,12세이상관람가,독립/예술영화
446,마농,로랑 펠리,0,2020-03-31,개봉영화,북아메리카,5,0.0078943,78943,3.36,336,"66,547","6,654,700",284,공연,12세이상관람가,일반영화
447,족벌 두 신문 이야기,"김용진,박중석",0,2021-01-01,개봉영화,한국,10,0.0078794,78794,10.3,"1,030","56,214","5,621,400",686,다큐멘터리,12세이상관람가,독립/예술영화
448,438일,예스퍼 갠스란트,0,2021-01-21,개봉영화,기타,40,0.00787281,78728.1,10,"1,000","41,084","4,108,410",500,드라마,15세이상관람가,독립/예술영화
449,산티아고의 흰 지팡이,이종은,0,2020-03-19,개봉영화,한국,21,0.00779946,77994.6,10.06,"1,006","57,921","5,792,060",708,다큐멘터리,전체관람가,독립/예술영화
450,아이리시맨,마틴 스코세이지,0,2019-11-20,개봉영화,북아메리카,68,0.00774774,77477.4,15.54,"1,554","35,338","3,533,820",694,범죄,청소년관람불가,독립/예술영화
451,요요현상,고두현,0,2021-01-14,개봉영화,한국,27,0.00769584,76958.4,8.04,804,"53,316","5,331,640",516,다큐멘터리,전체관람가,독립/예술영화
452,체이싱,,0,2020-04-23,개봉영화,유럽,60,0.00769306,76930.6,10.05,"1,005","19,275","1,927,500",254,액션,15세이상관람가,일반영화
453,시체들의 새벽: 컨테이젼,헥터 헤르난데즈 비센스,0,2020-04-09,개봉영화,유럽,52,0.00765186,76518.6,8.75,875,"26,909","2,690,920",298,공포(호러),청소년관람불가,일반영화
454,"이별유예, 일주일",김규현,0,2020-12-09,개봉영화,한국,29,0.007586,75860,7.79,779,"33,865","3,386,500",348,드라마,15세이상관람가,일반영화
455,에듀케이션,김덕중,0,2020-11-26,개봉영화,한국,23,0.00751067,75106.7,8.86,886,"55,305","5,530,470",598,드라마,12세이상관람가,독립/예술영화
456,마라가 큰 결정을 해야 해,로버트 루케틱,0,2021-01-07,개봉영화,북아메리카,79,0.00747594,74759.4,8.56,856,"28,308","2,830,800",321,멜로/로맨스,15세이상관람가,일반영화
457,시크릿 가든,마크 먼든,0,2020-08-19,개봉영화,유럽,267,0.007264,72640,8.65,865,"56,145","5,614,500",696,드라마,전체관람가,독립/예술영화
458,해머 오브 갓,파렌 블랙번,0,2020-11-25,개봉영화,유럽,42,0.00717547,71754.7,9.6,960,"24,490","2,449,000",314,액션,청소년관람불가,독립/예술영화
459,극장판 시로바코,미즈시마 츠토무,0,2020-08-20,개봉영화,아시아,64,0.00701588,70158.8,8.03,803,"50,184","5,018,400",569,애니메이션,12세이상관람가,일반영화
460,나의이름,허동우,0,2020-10-14,개봉영화,한국,38,0.0069975,69975,8.33,833,"48,195","4,819,500",560,멜로/로맨스,12세이상관람가,독립/예술영화
461,조쉬 그로반: 브리지스 뉴욕 매디슨스퀘어가든 콘서트,,2,2020-05-20,개봉영화,유럽,20,0.0069885,69885,3.95,395,"29,470","2,947,000",165,공연,전체관람가,일반영화
462,마음에 부는 바람,윤석호,0,2020-11-05,개봉영화,아시아,13,0.006953,69530,8.05,805,"63,455","6,345,500",739,기타,12세이상관람가,독립/예술영화
463,O.J. 심슨 사건 파일,다니엘 패런즈,0,2020-08-05,개봉영화,북아메리카,50,0.006906,69060,13.74,"1,374","51,660","5,166,000","1,026",스릴러,청소년관람불가,일반영화
464,리메인,김민경,0,2020-08-27,개봉영화,한국,45,0.0067099,67099,9.32,932,"13,409","1,340,900",156,드라마,청소년관람불가,독립/예술영화
465,하이큐!! 땅 VS 하늘,미츠나카 스스무,0,2020-01-23,개봉영화,아시아,82,0.0066717,66717,8.73,873,"41,438","4,143,800",512,애니메이션,전체관람가,일반영화
466,나의 작은 동무,,0,2021-01-14,개봉영화,기타,40,0.00652644,65264.4,7.77,777,"34,246","3,424,570",358,드라마,12세이상관람가,독립/예술영화
467,낙엽귀근,장양,0,2020-09-24,개봉영화,아시아,23,0.00625988,62598.8,7.77,777,"38,934","3,893,400",460,코미디,15세이상관람가,독립/예술영화
468,천사는 바이러스,김성준,0,2021-01-06,개봉영화,한국,44,0.00611571,61157.1,8.16,816,"24,048","2,404,810",278,드라마,15세이상관람가,독립/예술영화
469,래미의 드래곤월드 구출작전,웨이밍 황,0,2020-07-16,개봉영화,아시아,65,0.00606734,60673.4,7.79,779,"6,345","634,500",74,애니메이션,전체관람가,일반영화
470,프리저베이션홀 재즈밴드,"T.G. 헤링턴,대니 클린치",0,2020-04-02,개봉영화,북아메리카,30,0.00601726,60172.6,7.07,707,"39,670","3,967,000",453,다큐멘터리,전체관람가,독립/예술영화
471,남산의 부장들,우민호,2,2020-01-22,개봉영화,한국,1659,0.00590452,59045.2,7.23,723,"25,603","2,560,260",315,드라마,15세이상관람가,일반영화
472,선생님과 길고양이,후카가와 요시히로,0,2020-04-09,개봉영화,아시아,53,0.00586082,58608.2,7.3,730,"32,481","3,248,080",401,코미디,전체관람가,독립/예술영화
473,아메리칸 잡,마크 스티븐 존슨,0,2020-09-03,개봉영화,북아메리카,36,0.00584772,58477.2,21.56,"2,156","26,253","2,625,260",332,범죄,15세이상관람가,일반영화
474,결혼 이야기,노아 바움백,0,2019-11-27,개봉영화,유럽,83,0.0057831,57831,11.74,"1,174","31,898","3,189,820",650,멜로/로맨스,15세이상관람가,독립/예술영화
475,모탈: 레전드 오브 토르,안드레 외브레달,0,2020-07-09,개봉영화,기타,28,0.00574208,57420.8,8.08,808,"39,861","3,986,100",590,액션,12세이상관람가,독립/예술영화
476,아틸라,,0,2020-04-03,개봉영화,유럽,5,0.00565,56500,2.04,204,"40,920","4,092,000",134,공연,15세이상관람가,일반영화
477,유쾌한 과부,다미아노 미키엘레토,0,2020-10-02,개봉영화,유럽,4,0.005513,55130,2.11,211,"31,545","3,154,500",102,공연,12세이상관람가,일반영화
478,펠리칸 베이커리,,0,2020-04-02,개봉영화,아시아,28,0.00549214,54921.4,6.65,665,"37,801","3,780,140",449,다큐멘터리,전체관람가,독립/예술영화
479,초능력소년사건,채수응,0,2020-05-28,개봉영화,아시아,12,0.00530592,53059.2,5.8,580,"49,324","4,932,420",520,드라마,12세이상관람가,독립/예술영화
480,윤희에게,임대형,0,2019-11-14,개봉영화,한국,317,0.005241,52410,7.43,743,"35,225","3,522,500",481,멜로/로맨스,12세이상관람가,독립/예술영화
481,마농 레스코,,0,2020-08-03,개봉영화,유럽,5,0.00524065,52406.5,1.59,159,"36,650","3,665,000",113,공연,12세이상관람가,일반영화
482,쉬 네버 다이,오드리 커밍스,0,2020-04-02,개봉영화,북아메리카,41,0.0052247,52247,6.31,631,"21,545","2,154,520",268,스릴러,청소년관람불가,독립/예술영화
483,치어리딩 클럽,자라 헤이즈,0,2020-09-10,개봉영화,북아메리카,35,0.00514524,51452.4,6.72,672,"32,513","3,251,300",421,코미디,12세이상관람가,독립/예술영화
484,장마,"이용남,음정현",0,2020-02-27,개봉영화,한국,1,0.005031,50310,10.07,"1,007","50,140","5,014,000",990,다큐멘터리,전체관람가,독립/예술영화
485,동아시아반일무장전선,김미례,0,2020-08-20,개봉영화,한국,23,0.0049405,49405,6.06,606,"37,190","3,719,000",429,다큐멘터리,15세이상관람가,독립/예술영화
486,로맨틱 코미디,,0,2020-12-03,개봉영화,북아메리카,28,0.00491954,49195.4,5.92,592,"32,152","3,215,200",355,다큐멘터리,12세이상관람가,독립/예술영화
487,기도의 막이 내릴 때,후쿠자와 카츠오,0,2020-05-14,개봉영화,아시아,33,0.00487454,48745.4,6.01,601,"26,973","2,697,300",323,드라마,15세이상관람가,독립/예술영화
488,백년의 기억,피에르 올리비에 프랑수아,0,2020-06-11,개봉영화,유럽,6,0.0048635,48635,7.13,713,"28,250","2,825,000",343,다큐멘터리,전체관람가,독립/예술영화
489,나의 인생여행,,0,2020-12-10,개봉영화,유럽,31,0.00482221,48222.1,6.03,603,"26,823","2,682,340",327,드라마,15세이상관람가,독립/예술영화
490,전쟁,요크 샤클톤,0,2020-12-30,개봉영화,북아메리카,35,0.00476286,47628.6,7.08,708,"11,909","1,190,940",170,액션,15세이상관람가,일반영화
491,내 사랑 찾기,,0,2020-10-22,개봉영화,북아메리카,38,0.0045573,45573,5.6,560,"20,433","2,043,300",249,멜로/로맨스,12세이상관람가,독립/예술영화
492,뮤지컬 버드나무에 부는 바람,,0,2020-10-07,개봉영화,유럽,11,0.0044765,44765,2.54,254,"26,115","2,611,500",148,뮤지컬,전체관람가,일반영화
493,늙은 부부이야기: 스테이지 무비,신태연,0,2020-08-19,개봉영화,한국,16,0.0043965,43965,4.32,432,"28,620","2,862,000",303,공연,12세이상관람가,독립/예술영화
494,귀여운 남자,김정욱,0,2021-01-14,개봉영화,한국,41,0.00437647,43764.7,5.46,546,"11,594","1,159,370",136,코미디,15세이상관람가,독립/예술영화
495,최미역행,판위린,0,2020-11-25,개봉영화,아시아,20,0.0043505,43505,5.53,553,"22,040","2,204,000",289,드라마,12세이상관람가,독립/예술영화
496,쓰루 더 파이어,,0,2020-07-23,개봉영화,유럽,23,0.00434176,43417.6,6.02,602,"29,463","2,946,300",395,드라마,15세이상관람가,독립/예술영화
497,캐리비안 해적과 마법 다이아몬드,라스무스 A. 실버르센,0,2020-08-26,개봉영화,유럽,138,0.00431266,43126.6,5.63,563,"6,156","615,600",77,애니메이션,전체관람가,일반영화
498,블러드 킬,제임스 쿨렌 브레삭,0,2020-09-28,개봉영화,북아메리카,50,0.0042835,42835,8.29,829,"6,035","603,500",93,범죄,15세이상관람가,일반영화
499,무협강호,,0,2020-11-13,개봉영화,아시아,48,0.00423,42300,8.24,824,"6,300","630,000",104,액션,12세이상관람가,일반영화
500,플레인 하이스트,앤드류 로렌스,0,2020-09-29,개봉영화,북아메리카,50,0.004211,42110,8.51,851,"12,000","1,200,000",240,액션,15세이상관람가,일반영화
501,이별식당,임왕태,0,2020-08-27,개봉영화,한국,24,0.00421056,42105.6,5.3,530,"28,814","2,881,400",352,뮤지컬,12세이상관람가,독립/예술영화
502,메피스토,김동후,0,2020-09-10,개봉영화,한국,30,0.0040549,40549,5.02,502,"27,109","2,710,900",324,드라마,15세이상관람가,독립/예술영화
503,파이널 킬,저스틴 리,0,2020-09-21,개봉영화,북아메리카,49,0.004046,40460,8.04,804,"3,660","366,000",68,액션,15세이상관람가,일반영화
504,도둑까치,,0,2020-11-03,개봉영화,유럽,4,0.0039656,39656,1.53,153,"26,335","2,633,500",93,공연,전체관람가,일반영화
505,뮤지컬 남극 탐험가는 나를 좋아해,데이빗 혼,0,2020-09-16,개봉영화,북아메리카,16,0.00394,39400,2.19,219,"20,510","2,051,000",114,뮤지컬,15세이상관람가,일반영화
506,이 마스나디에리,데이비드 맥비커,0,2020-09-01,개봉영화,유럽,3,0.00360405,36040.5,1.53,153,"20,816","2,081,550",74,공연,12세이상관람가,일반영화
507,여름날,오정석,0,2020-08-20,개봉영화,한국,12,0.00351798,35179.8,4.24,424,"26,430","2,642,980",305,드라마,전체관람가,독립/예술영화
508,테우리,이난,0,2020-07-09,개봉영화,한국,16,0.00350598,35059.8,4.19,419,"28,950","2,894,980",343,드라마,15세이상관람가,독립/예술영화
509,슈퍼펫,벤 스미스,0,2020-08-13,개봉영화,유럽,5,0.0035,35000,7,700,0,0,0,애니메이션,전체관람가,독립/예술영화
510,사랑이 눈뜰 때,마이클 메일러,0,2020-08-26,개봉영화,북아메리카,92,0.0034843,34843,4.98,498,"16,863","1,686,300",228,드라마,12세이상관람가,독립/예술영화
511,선샤인 패밀리,김태식,0,2020-12-31,개봉영화,한국,26,0.00348057,34805.7,4.14,414,"21,721","2,172,070",245,드라마,12세이상관람가,독립/예술영화
512,골든맨,빈센조 알피리,0,2021-01-27,개봉영화,유럽,25,0.0033266,33266,4.41,441,"9,556","955,600",130,범죄,15세이상관람가,독립/예술영화
513,이십일세기 소녀,야마토 유키,0,2020-09-03,개봉영화,아시아,20,0.0032794,32794,3.82,382,"26,554","2,655,400",292,드라마,15세이상관람가,독립/예술영화
514,루비,박한진,0,2020-07-30,개봉영화,한국,12,0.0032629,32629,3.8,380,"29,154","2,915,400",329,드라마,12세이상관람가,독립/예술영화
515,워터 릴리스,셀린 시아마,0,2020-08-13,개봉영화,유럽,89,0.0032555,32555,3.67,367,"23,755","2,375,500",265,드라마,15세이상관람가,독립/예술영화
516,메기,이옥섭,0,2019-09-26,개봉영화,한국,155,0.00325,32500,4.14,414,"25,010","2,501,000",301,미스터리,15세이상관람가,독립/예술영화
517,퀸 오브 아이스,안네 세비스퀴,0,2020-03-26,개봉영화,유럽,36,0.00310984,31098.4,4.19,419,"17,469","1,746,880",239,드라마,15세이상관람가,독립/예술영화
518,두 교황,페르난도 메이렐레스,0,2019-12-11,개봉영화,북아메리카,66,0.00304982,30498.2,5.96,596,"17,673","1,767,280",337,드라마,12세이상관람가,독립/예술영화
519,사라센의 칼,임재영,0,2021-01-14,개봉영화,한국,14,0.003045,30450,3.48,348,"20,809","2,080,900",217,드라마,15세이상관람가,독립/예술영화
520,킹 오브 프리즘 올 스타즈 -프리즘 쇼☆베스트10-,히시다 마사카즈,0,2020-04-02,개봉영화,아시아,55,0.00303201,30320.1,3.66,366,"18,786","1,878,600",216,애니메이션,12세이상관람가,일반영화
521,게임의 법칙: 인간사냥,이수성,0,2021-01-28,개봉영화,한국,20,0.003011,30110,3.81,381,"12,565","1,256,500",155,스릴러,청소년관람불가,일반영화
522,하트,정가영,0,2020-02-27,개봉영화,한국,11,0.0029465,29465,3.68,368,"24,075","2,407,500",287,드라마,청소년관람불가,독립/예술영화
523,동아시아반일무장전선,김미례,0,2020-08-20,개봉영화,한국,23,0.002905,29050,3.86,386,"25,000","2,500,000",326,다큐멘터리,15세이상관람가,독립/예술영화
524,시체들의 새벽,조지 A. 로메로,0,2020-04-15,개봉영화,북아메리카,8,0.0028912,28912,3.27,327,"26,583","2,658,300",298,공포(호러),15세이상관람가,독립/예술영화
525,페인 앤 글로리,페드로 알모도바르,0,2020-02-05,개봉영화,유럽,198,0.00271192,27119.2,3.12,312,"25,084","2,508,420",284,드라마,청소년관람불가,독립/예술영화
526,머리카락,이미해,0,2020-12-10,개봉영화,한국,12,0.00264667,26466.7,2.98,298,"19,901","1,990,070",210,다큐멘터리,전체관람가,독립/예술영화
527,스윈들러,이동환,0,2020-10-08,개봉영화,한국,16,0.002634,26340,3.3,330,"16,545","1,654,500",201,드라마,15세이상관람가,독립/예술영화
528,"오늘, 우리 2","양재준,이나연,이준섭,여장천",0,2021-01-21,개봉영화,한국,14,0.0026332,26332,3.17,317,"20,652","2,065,200",234,드라마,12세이상관람가,독립/예술영화
529,국도극장,전지희,0,2020-05-29,개봉영화,한국,7,0.002581,25810,3.37,337,"14,010","1,401,000",171,드라마,12세이상관람가,독립/예술영화
530,16세의 사운드트랙,힐러리 셰익스피어,0,2020-07-02,개봉영화,유럽,19,0.0024604,24604,2.86,286,"15,029","1,502,900",165,코미디,12세이상관람가,독립/예술영화
531,낮손님,박세민,0,2020-04-15,개봉영화,한국,19,0.0024045,24045,3.45,345,"20,370","2,037,000",286,코미디,청소년관람불가,일반영화
532,보체크,윌리엄 켄트리지,0,2020-08-18,개봉영화,북아메리카,6,0.0023179,23179,1,100,"18,521","1,852,100",80,공연,12세이상관람가,일반영화
533,인플루언서,오영근,0,2020-11-25,개봉영화,한국,7,0.0022929,22929,2.29,229,"17,390","1,739,000",164,다큐멘터리,전체관람가,일반영화
534,마티아스와 막심,자비에 돌란,0,2020-07-23,개봉영화,북아메리카,91,0.002281,22810,2.11,211,"21,940","2,194,000",197,드라마,15세이상관람가,독립/예술영화
535,엽문 리부트 2020,이입명,0,2020-11-26,개봉영화,아시아,24,0.00227777,22777.7,3.02,302,"3,639","363,900",48,액션,12세이상관람가,독립/예술영화
536,래미와 친구들: 푸른푸른 초원의 위기,웨이밍 황,0,2020-07-30,개봉영화,아시아,18,0.0022526,22526,3.04,304,"3,741","374,100",47,애니메이션,전체관람가,일반영화
537,문신을 한 신부님,얀 코마사,0,2020-02-13,개봉영화,유럽,57,0.00222836,22283.6,2.57,257,"15,314","1,531,360",177,드라마,15세이상관람가,독립/예술영화
538,밤쉘: 세상을 바꾼 폭탄선언,제이 로치,0,2020-07-08,개봉영화,북아메리카,882,0.002196,21960,4.3,430,"21,800","2,180,000",428,드라마,15세이상관람가,독립/예술영화
539,더 워닝,다니엘 칼파소로,0,2020-05-06,개봉영화,유럽,32,0.0020685,20685,4.48,448,"7,205","720,500",140,스릴러,15세이상관람가,독립/예술영화
540,더 테러리스트,,0,2020-02-26,개봉영화,기타,17,0.002041,20410,2.74,274,"16,386","1,638,600",214,범죄,15세이상관람가,독립/예술영화
541,데드워터,,0,2020-05-28,개봉영화,북아메리카,10,0.002,20000,4,400,0,0,0,스릴러,15세이상관람가,독립/예술영화
542,이웃의 아내,아론 하비,0,2020-05-26,개봉영화,북아메리카,10,0.002,20000,4,400,0,0,0,스릴러,15세이상관람가,독립/예술영화
543,붉은 눈,,0,2020-12-24,개봉영화,아시아,5,0.00196537,19653.7,3.79,379,"15,654","1,565,370",299,미스터리,청소년관람불가,독립/예술영화
544,맨슨 패밀리,앤드류 존스,0,2020-06-15,개봉영화,유럽,1,0.001942,19420,18.64,"1,864","19,410","1,941,000","1,863",공포(호러),15세이상관람가,일반영화
545,"시, 나리오",김동원,0,2020-07-02,개봉영화,한국,18,0.001928,19280,2.43,243,"9,395","939,500",104,드라마,15세이상관람가,독립/예술영화
546,소년 아메드,"장 피에르 다르덴,뤽 다르덴",0,2020-07-30,개봉영화,유럽,82,0.0019195,19195,3.73,373,"17,300","1,730,000",341,드라마,12세이상관람가,독립/예술영화
547,무협: 더 코드,조니 우,0,2020-06-22,개봉영화,북아메리카,1,0.001888,18880,18.22,"1,822","18,870","1,887,000","1,821",액션,15세이상관람가,일반영화
548,사냥의 시간: 데스 게임,아론 머티스,0,2020-06-22,개봉영화,북아메리카,1,0.001869,18690,17.99,"1,799","18,680","1,868,000","1,798",공포(호러),청소년관람불가,일반영화
549,이 멋진 세계에 축복을! 붉은 전설,카나사키 타카오미,0,2020-02-06,개봉영화,아시아,57,0.0018554,18554,2.13,213,"18,554","1,855,400",213,애니메이션,15세이상관람가,일반영화
550,7월7일,손승현,0,2020-09-02,개봉영화,한국,18,0.00184656,18465.6,2.19,219,"12,836","1,283,580",145,드라마,12세이상관람가,독립/예술영화
551,개 같은 것들,최종학,0,2020-12-17,개봉영화,한국,2,0.001797,17970,2.07,207,"17,650","1,765,000",203,드라마,청소년관람불가,일반영화
552,"집에 돌아오면, 언제나 아내가 죽은 척을 하고있다",리 토시오,0,2020-02-20,개봉영화,아시아,34,0.00174692,17469.2,2.11,211,"15,449","1,544,920",181,멜로/로맨스,12세이상관람가,독립/예술영화
553,이별식당,임왕태,0,2020-08-27,개봉영화,한국,24,0.00172418,17241.8,2.24,224,"10,945","1,094,500",136,뮤지컬,12세이상관람가,독립/예술영화
554,디노소어 어드벤쳐,,0,2021-01-27,개봉영화,북아메리카,26,0.00171807,17180.7,2.27,227,"4,220","422,000",56,어드벤처,15세이상관람가,일반영화
555,이별의 목적,이건우,0,2020-09-10,개봉영화,한국,15,0.00169047,16904.7,2.14,214,"9,975","997,500",124,멜로/로맨스,12세이상관람가,독립/예술영화
556,애니멀 크래커,토니 밴크로프트,0,2020-08-05,개봉영화,북아메리카,473,0.0016764,16764,2.4,240,"13,640","1,364,000",195,애니메이션,전체관람가,독립/예술영화
557,벌새,김보라,0,2019-08-29,개봉영화,한국,145,0.00167,16700,2.27,227,"4,840","484,000",65,드라마,15세이상관람가,독립/예술영화
558,여름날,오정석,0,2020-08-20,개봉영화,한국,12,0.0016185,16185,2.39,239,"7,915","791,500",98,드라마,전체관람가,독립/예술영화
559,잠자는 숲 속의 미녀,마리우스 프티파,0,2020-05-02,개봉영화,유럽,3,0.001617,16170,0.76,76,"9,600","960,000",39,공연,전체관람가,일반영화
560,벨빌 캅,라시드 부샤렙,0,2020-06-25,개봉영화,유럽,5,0.0016005,16005,2.02,202,"10,420","1,042,000",131,범죄,15세이상관람가,독립/예술영화
561,나이트 언데드,,0,2021-01-27,개봉영화,북아메리카,20,0.001585,15850,3.11,311,"12,100","1,210,000",236,미스터리,15세이상관람가,일반영화
562,덩케르크 이스케이프,,0,2020-08-20,개봉영화,유럽,13,0.0015729,15729,2.17,217,"6,864","686,400",87,전쟁,15세이상관람가,독립/예술영화
563,젊은 모녀,왕지방,0,2020-09-10,개봉영화,한국,20,0.001562,15620,2.69,269,"6,690","669,000",125,멜로/로맨스,청소년관람불가,일반영화
564,용감한 토끼 당당이,증헌림,0,2020-12-17,개봉영화,아시아,5,0.00155,15500,3.1,310,0,0,0,애니메이션,전체관람가,독립/예술영화
565,브레이크,,0,2020-05-20,개봉영화,유럽,5,0.0015,15000,3,300,0,0,0,스릴러,15세이상관람가,독립/예술영화
566,탱크 투 베를린,,0,2020-12-23,개봉영화,유럽,16,0.00149874,14987.4,2.04,204,"8,778","877,800",98,액션,15세이상관람가,독립/예술영화
567,일 트로바토레,프랑코 제피렐리,0,2020-01-12,개봉영화,유럽,5,0.001485,14850,0.56,56,"6,180","618,000",25,공연,전체관람가,일반영화
568,너와 파도를 탈 수 있다면,유아사 마사아키,1,2020-07-08,개봉영화,아시아,257,0.001421,14210,1.35,135,"14,210","1,421,000",135,애니메이션,12세이상관람가,독립/예술영화
569,세트플레이,문승욱,0,2020-12-10,개봉영화,한국,16,0.001363,13630,1.7,170,"5,845","584,500",72,드라마,청소년관람불가,독립/예술영화
570,좋은 여자,전규환,0,2020-05-28,개봉영화,한국,5,0.001217,12170,1.63,163,"9,685","968,500",125,드라마,청소년관람불가,독립/예술영화
571,아르코라이브 의자 고치는 여인,,0,2020-05-20,개봉영화,한국,6,0.0012055,12055,1.02,102,"10,295","1,029,500",86,공연,12세이상관람가,일반영화
572,이장,정승오,0,2020-03-25,개봉영화,한국,82,0.001196,11960,2.08,208,"1,000","100,000",12,드라마,12세이상관람가,독립/예술영화
573,누드모델의 목적,,0,2020-04-03,개봉영화,한국,10,0.001183,11830,2.44,244,"11,410","1,141,000",229,멜로/로맨스,청소년관람불가,일반영화
574,환각섹스,,0,2020-04-03,개봉영화,한국,10,0.001183,11830,2.44,244,"11,410","1,141,000",229,멜로/로맨스,청소년관람불가,일반영화
575,블라인드 파트너,이로운,0,2020-03-19,개봉영화,한국,18,0.001181,11810,2.42,242,"11,410","1,141,000",229,멜로/로맨스,청소년관람불가,일반영화
576,스폰서 X,에로핑,0,2020-03-27,개봉영화,한국,18,0.001181,11810,2.42,242,"11,410","1,141,000",229,멜로/로맨스,청소년관람불가,일반영화
577,새엄마의 목적,이로운,0,2020-03-19,개봉영화,한국,17,0.00118,11800,2.41,241,"11,410","1,141,000",229,멜로/로맨스,청소년관람불가,일반영화
578,아크나텐,,0,2020-07-07,개봉영화,북아메리카,5,0.0011713,11713,0.5,50,"8,293","829,300",35,공연,전체관람가,일반영화
579,사마에게,"와드 알-카팁,에드워드 와츠",0,2020-01-23,개봉영화,유럽,75,0.00116986,11698.6,1.25,125,"11,369","1,136,860",121,다큐멘터리,15세이상관람가,독립/예술영화
580,야구소녀,최윤태,0,2020-06-18,개봉영화,한국,264,0.001169,11690,2.22,222,"1,000","100,000",19,드라마,12세이상관람가,독립/예술영화
581,좀비파이터,임지환,0,2020-04-16,개봉영화,한국,5,0.001137,11370,1.36,136,"8,010","801,000",88,공포(호러),15세이상관람가,독립/예술영화
582,터칭 더 보이드,케빈 맥도널드,0,2020-09-24,개봉영화,유럽,8,0.00113064,11306.4,1.62,162,"8,817","881,660",126,다큐멘터리,12세이상관람가,독립/예술영화
583,초대받은 배달부,이상수,0,2021-01-01,개봉영화,한국,20,0.001066,10660,1.79,179,"7,200","720,000",126,멜로/로맨스,청소년관람불가,일반영화
584,마농 레스코,,0,2020-08-03,개봉영화,유럽,5,0.0010335,10335,0.69,69,"3,295","329,500",22,공연,12세이상관람가,일반영화
585,더 듀얼,,0,2020-11-19,개봉영화,북아메리카,5,0.001,10000,2,200,0,0,0,범죄,청소년관람불가,독립/예술영화
586,런 위드 더 헌티드,,0,2020-11-04,개봉영화,북아메리카,5,0.001,10000,2,200,0,0,0,범죄,15세이상관람가,독립/예술영화
587,犬견 : 버려진 아이들,서하늘,0,2020-10-18,개봉영화,한국,1,0.000996,9960,3.15,315,0,0,0,범죄,15세이상관람가,독립/예술영화
588,18 섹시퀸 유진의 섹스 스캔들,최진철,0,2020-11-13,개봉영화,한국,20,0.000968,9680,1.69,169,"6,660","666,000",125,멜로/로맨스,청소년관람불가,일반영화
589,불륜의 세계,신성진,0,2020-07-10,개봉영화,한국,20,0.000965,9650,1.69,169,"6,600","660,000",123,기타,청소년관람불가,일반영화
590,구멍동서,이상수,0,2020-07-20,개봉영화,한국,20,0.000961,9610,1.69,169,"6,600","660,000",123,기타,청소년관람불가,일반영화
591,용주골 2,김종석,0,2020-11-12,개봉영화,한국,20,0.00096,9600,1.69,169,"6,630","663,000",125,멜로/로맨스,청소년관람불가,일반영화
592,천년여우 구미호,최환,0,2020-12-03,개봉영화,한국,11,0.000957,9570,2.31,231,"9,140","914,000",188,멜로/로맨스,청소년관람불가,일반영화
593,관전녀2,김종석,0,2020-11-06,개봉영화,한국,20,0.000955,9550,1.69,169,"6,630","663,000",125,멜로/로맨스,청소년관람불가,일반영화
594,음란 과외 3,김종석,0,2020-11-26,개봉영화,한국,20,0.000954,9540,1.71,171,"6,670","667,000",127,멜로/로맨스,청소년관람불가,일반영화
595,셰이프 오브 뮤직: 알렉상드르 데스플라,파스칼 쾨노,0,2020-08-13,개봉영화,유럽,30,0.00094937,9493.7,1.02,102,"7,454","745,370",73,다큐멘터리,전체관람가,독립/예술영화
596,이모의유혹3,원명준,0,2020-05-29,개봉영화,한국,20,0.000946,9460,1.69,169,"6,690","669,000",125,멜로/로맨스,청소년관람불가,일반영화
597,어린 그녀,정태준,0,2020-04-09,개봉영화,한국,20,0.000943,9430,1.69,169,"6,640","664,000",125,멜로/로맨스,청소년관람불가,일반영화
598,젊은엄마5,정도수,0,2020-04-08,개봉영화,한국,20,0.000943,9430,1.69,169,"6,640","664,000",125,멜로/로맨스,청소년관람불가,일반영화
599,주인집 딸,계장혁,0,2020-05-07,개봉영화,한국,21,0.000942,9420,1.7,170,"6,640","664,000",125,멜로/로맨스,청소년관람불가,일반영화
600,금의위 3인의 무사,등연성,0,2021-01-21,개봉영화,아시아,20,0.000941,9410,2.1,210,"9,030","903,000",172,액션,15세이상관람가,독립/예술영화
601,옆집소녀4,원명준,0,2020-07-03,개봉영화,한국,19,0.00094,9400,1.69,169,"6,640","664,000",125,멜로/로맨스,청소년관람불가,일반영화
602,기색충,김종석,0,2020-09-10,개봉영화,한국,25,0.00094,9400,1.74,174,"6,630","663,000",125,멜로/로맨스,청소년관람불가,일반영화
603,섹스의 세계,김종석,0,2020-09-17,개봉영화,한국,25,0.00094,9400,1.74,174,"6,630","663,000",125,멜로/로맨스,청소년관람불가,일반영화
604,초대녀 3,김종석,0,2020-12-10,개봉영화,한국,20,0.00094,9400,1.69,169,"6,700","670,000",126,멜로/로맨스,청소년관람불가,일반영화
605,극장판 원피스 스탬피드,,0,2020-02-13,개봉영화,아시아,372,0.00093996,9399.6,0.97,97,"9,320","931,960",96,애니메이션,전체관람가,일반영화
606,그녀의 모유는 백신,정미나,0,2020-08-21,개봉영화,한국,20,0.000937,9370,1.7,170,"6,630","663,000",125,성인물(에로),청소년관람불가,일반영화
607,몽정 : 파는여자,왕지방,0,2020-04-09,개봉영화,한국,20,0.000936,9360,1.69,169,"6,630","663,000",125,멜로/로맨스,청소년관람불가,일반영화
608,주부남편의 발기찬 바깥생활,정미나,0,2020-07-31,개봉영화,한국,20,0.000935,9350,1.69,169,"6,630","663,000",125,성인물(에로),청소년관람불가,일반영화
609,미세스 잘주리 미스 안주리,김종석,0,2021-01-07,개봉영화,한국,21,0.000935,9350,1.7,170,"6,630","663,000",125,멜로/로맨스,청소년관람불가,일반영화
610,애완남,김종석,0,2020-10-23,개봉영화,한국,20,0.000935,9350,1.69,169,"6,630","663,000",125,멜로/로맨스,청소년관람불가,일반영화
611,어린 엄마4,김종석,0,2020-10-23,개봉영화,한국,20,0.000935,9350,1.69,169,"6,630","663,000",125,멜로/로맨스,청소년관람불가,일반영화
612,처제가 왜 거기서 나와?,김종석,0,2020-12-23,개봉영화,한국,20,0.000935,9350,1.69,169,"6,630","663,000",125,멜로/로맨스,청소년관람불가,일반영화
613,형수 길들이기,정태준,0,2020-10-07,개봉영화,한국,20,0.000935,9350,1.69,169,"6,630","663,000",125,멜로/로맨스,청소년관람불가,일반영화
614,막내 처제 2,정진호,0,2020-03-12,개봉영화,한국,20,0.000933,9330,1.69,169,"6,660","666,000",126,멜로/로맨스,청소년관람불가,일반영화
615,여선생3,최성은,0,2020-03-20,개봉영화,한국,20,0.000933,9330,1.69,169,"6,660","666,000",126,기타,청소년관람불가,일반영화
616,어린 처제 4,계장혁,0,2020-03-19,개봉영화,한국,20,0.000931,9310,1.69,169,"6,660","666,000",126,멜로/로맨스,청소년관람불가,일반영화
617,에이리,오오토모 케이시,0,2021-01-22,개봉영화,아시아,1,0.00092654,9265.4,0.86,86,"9,265","926,540",86,미스터리,15세이상관람가,독립/예술영화
618,아르코 라이브 완창판소리프로젝트2 강산제수궁가,,0,2020-04-14,개봉영화,한국,7,0.000917,9170,0.77,77,"1,980","198,000",17,공연,전체관람가,일반영화
619,두 번째 엄마-불륜정사,최환,0,2020-12-03,개봉영화,한국,20,0.000912,9120,1.91,191,"9,030","903,000",182,멜로/로맨스,청소년관람불가,일반영화
620,딸의 친구 5,계장혁,0,2020-04-23,개봉영화,한국,20,0.000883,8830,1.67,167,"6,040","604,000",122,멜로/로맨스,청소년관람불가,일반영화
621,새아가,계장혁,0,2020-04-23,개봉영화,한국,20,0.000883,8830,1.67,167,"6,040","604,000",122,멜로/로맨스,청소년관람불가,일반영화
622,카잔자키스,,0,2020-01-30,개봉영화,기타,21,0.00087706,8770.6,1,100,"8,771","877,060",100,드라마,12세이상관람가,독립/예술영화
623,죽이는 여자,애슐리 해밀턴,0,2020-08-23,개봉영화,북아메리카,1,0.000871,8710,8.23,823,"8,710","871,000",823,공포(호러),청소년관람불가,일반영화
624,할로윈: 살인마 잭,앤드류 존스,0,2020-07-21,개봉영화,유럽,1,0.000869,8690,8.21,821,"8,690","869,000",821,공포(호러),15세이상관람가,일반영화
625,기도하는 남자,강동헌,0,2020-02-20,개봉영화,한국,34,0.0008505,8505,1.39,139,"4,825","482,500",73,드라마,15세이상관람가,독립/예술영화
626,블러드: 궁금한 이야기,,0,2020-06-15,개봉영화,유럽,1,0.000842,8420,8.18,818,"8,410","841,000",817,공포(호러),15세이상관람가,일반영화
627,피그테일:피그테일과 거미소녀 그리고 레슬링,"카이야 토시히사,유아사 마사아키",0,2020-07-09,개봉영화,아시아,12,0.000823,8230,1.05,105,"6,390","639,000",81,애니메이션,15세이상관람가,독립/예술영화
628,사내정사: 은밀한 회의실,이두희,0,2020-04-24,개봉영화,한국,20,0.000821,8210,1.65,165,"6,040","604,000",122,드라마,청소년관람불가,일반영화
629,카르멘,,0,2020-06-03,개봉영화,유럽,6,0.00082,8200,0.37,37,"4,820","482,000",20,공연,12세이상관람가,일반영화
630,어서오시게스트하우스,심요한,0,2020-08-13,개봉영화,한국,58,0.000776,7760,1.05,105,"2,090","209,000",27,드라마,15세이상관람가,독립/예술영화
631,백년의 기억,피에르 올리비에 프랑수아,0,2020-06-11,개봉영화,유럽,6,0.000755,7550,1.49,149,240,"24,000",4,다큐멘터리,전체관람가,독립/예술영화
632,미스터 주: 사라진 VIP,김태윤,1,2020-01-22,개봉영화,한국,692,0.00075,7500,1.5,150,"4,500","450,000",90,코미디,12세이상관람가,일반영화
633,설화,최형렬,0,2020-04-16,개봉영화,한국,4,0.000743,7430,1.29,129,"3,000","300,000",60,스릴러,15세이상관람가,독립/예술영화
634,기묘한 이야기: 리플레이,,0,2020-08-23,개봉영화,북아메리카,1,0.000738,7380,6.96,696,"7,380","738,000",696,어드벤처,15세이상관람가,일반영화
635,좀비캠프,데이빗 마탈론,0,2020-09-25,개봉영화,북아메리카,5,0.0007,7000,1.4,140,"3,000","300,000",60,스릴러,청소년관람불가,독립/예술영화
636,장모님들의 사랑,왕지방,0,2020-05-13,개봉영화,한국,20,0.000689,6890,1.38,138,"6,160","616,000",123,멜로/로맨스,청소년관람불가,일반영화
637,더 프린세스 : 도둑맞은 공주,올레말라므,0,2020-08-12,개봉영화,유럽,423,0.0006736,6736,0.92,92,0,0,0,애니메이션,전체관람가,일반영화
638,외출 3,구재은,0,2020-09-28,개봉영화,한국,19,0.000672,6720,1.34,134,"2,090","209,000",42,멜로/로맨스,청소년관람불가,일반영화
639,화끈한 미용실,김춘수,0,2020-09-09,개봉영화,한국,20,0.000672,6720,1.34,134,"6,090","609,000",122,멜로/로맨스,청소년관람불가,일반영화
640,배달노출2 : 초대남과 좋아죽는 와이프,공자관,0,2020-05-29,개봉영화,한국,20,0.000653,6530,1.38,138,"6,040","604,000",122,성인물(에로),청소년관람불가,일반영화
641,가자 장미여관으로 4,최우성,0,2020-05-28,개봉영화,한국,20,0.00065,6500,1.38,138,"6,040","604,000",122,멜로/로맨스,청소년관람불가,일반영화
642,구멍 교환,김종석,0,2020-08-27,개봉영화,한국,20,0.00065,6500,1.38,138,"6,030","603,000",122,멜로/로맨스,청소년관람불가,일반영화
643,나는 야한 여자가 좋다 4,김종석,0,2020-07-30,개봉영화,한국,20,0.00065,6500,1.38,138,"6,030","603,000",122,멜로/로맨스,청소년관람불가,일반영화
644,마누라 공유하기,계장혁,0,2020-08-13,개봉영화,한국,20,0.00065,6500,1.38,138,"6,030","603,000",122,멜로/로맨스,청소년관람불가,일반영화
645,어린 구멍,김종석,0,2020-08-13,개봉영화,한국,20,0.00065,6500,1.38,138,"6,030","603,000",122,멜로/로맨스,청소년관람불가,일반영화
646,김비서는 정말 왜 그럴까?,김종석,0,2020-09-03,개봉영화,한국,20,0.00065,6500,1.38,138,"6,030","603,000",122,멜로/로맨스,청소년관람불가,일반영화
647,가슴 큰 연주,이동준,0,2020-06-16,개봉영화,한국,20,0.000647,6470,1.1,110,"3,700","370,000",66,멜로/로맨스,청소년관람불가,일반영화
648,어린 여동생2,이정석,0,2020-04-03,개봉영화,한국,20,0.000645,6450,1.1,110,"3,660","366,000",66,멜로/로맨스,청소년관람불가,일반영화
649,작은 소망,전우성,0,2020-08-13,개봉영화,아시아,151,0.00064,6400,1.28,128,"6,400","640,000",128,코미디,12세이상관람가,독립/예술영화
650,친구누나들,이정석,0,2020-03-20,개봉영화,한국,20,0.000639,6390,1.1,110,"3,660","366,000",66,멜로/로맨스,청소년관람불가,일반영화
651,어린과부,한동호,0,2020-08-11,개봉영화,한국,20,0.000637,6370,1.1,110,"3,630","363,000",65,멜로/로맨스,청소년관람불가,일반영화
652,예민한 모녀,성운아,0,2020-07-28,개봉영화,한국,20,0.000633,6330,1.1,110,"3,630","363,000",65,멜로/로맨스,청소년관람불가,일반영화
653,부다페스트 스토리,아틸라 사스,0,2020-08-13,개봉영화,유럽,33,0.0006005,6005,0.83,83,"4,520","452,000",64,스릴러,15세이상관람가,독립/예술영화
654,피델리티,니기나 사이풀라에바,0,2020-04-15,개봉영화,유럽,1,0.000576,5760,0.64,64,"5,760","576,000",64,드라마,청소년관람불가,독립/예술영화
655,판타스틱 썸머,,0,2020-06-25,개봉영화,북아메리카,5,0.00056854,5685.4,0.78,78,"4,426","442,560",62,드라마,15세이상관람가,독립/예술영화
656,슈윙! 블루 노트 레코드 스토리,에릭 프리에들러,0,2020-03-19,개봉영화,유럽,2,0.000556,5560,0.6,60,"5,560","556,000",60,다큐멘터리,12세이상관람가,독립/예술영화
657,바람의 언덕,박석영,0,2020-04-23,개봉영화,한국,28,0.000551,5510,0.76,76,60,"6,000",1,드라마,전체관람가,독립/예술영화
